track_key,song,artist,entry_date,exit_date,entry_position,best_position,exit_position,observations,entry_popularity,peak_popularity,exit_popularity,album_type,total_tracks,is_explicit,duration_min,calendar_days,days_on_playlist,continuity,continuity_percentage,peak_date,peak_position_check,time_to_peak_days,rank_slope,popularity_slope,rank_improvement,rank_change_entry_to_exit,rank_movement,popularity_change,popularity_growth_percentage,lifecycle_stage,retention_stability_index,entry_age_days,content_maturity,retention_segment,entry_strength,opportunity_segment,marketing_intensity,playlist_recommendation
0 confianza | rvfv,0 CONFIANZA,Rvfv,2025-06-02,2025-06-23,40,23,42,20,35,62,62,album,20,False,3.625,22,22,0.9090909090909091,90.9090909090909,2025-06-07,23,5,0.38872180451127764,0.5842105263157888,17,2,Stable,27,77.14285714285715,Mature Phase,65.46,380,Established,Long Retention,Weak Entry,Hidden Opportunity,High,Increase Playlist Exposure
"1 de enero, puntacana | rels b","1 de Enero, Puntacana",Rels B,2025-04-28,2025-04-28,45,45,45,1,65,65,65,album,13,False,1.5833333333333333,1,1,1.0,100.0,2025-04-28,45,0,0.0,0.0,0,0,Stable,0,0.0,New Entry,100.0,345,Established,Short Retention,Weak Entry,Short-Term Hit,Medium,Monitor Exit Risk
1000cosas | lola indigo & manuel turizo,1000COSAS,Lola Indigo & Manuel Turizo,2025-03-10,2025-11-13,3,3,44,245,65,81,72,single,1,False,3.9913666666666665,249,249,0.9839357429718876,98.39357429718876,2025-03-10,3,0,0.12100384336061488,-0.027497572399611744,0,41,Stable,7,10.76923076923077,Peak Phase,87.77,296,Established,High Retention,Strong Entry,Star Content,Very High,Maintain Strong Playlist Support
100xciento | foreign teck & eladio carrion & de la ghetto,100xCiento,Foreign Teck & Eladio Carrion & De La Ghetto,2025-04-30,2025-05-15,42,13,37,11,72,75,75,single,1,True,3.661366666666667,16,16,0.6875,68.75,2025-05-11,13,11,-0.9636363636363628,0.34545454545454457,29,-5,Improving,3,4.166666666666666,Growth Phase,35.01,347,Established,Long Retention,Weak Entry,Star Content,Very High,Increase Playlist Exposure
14 febreros | quevedo,14 FEBREROS,Quevedo,2025-11-24,2025-11-27,9,9,16,4,63,68,68,album,18,True,2.8737,4,4,1.0,100.0,2025-11-24,9,0,2.4000000000000012,1.699999999999998,0,7,Declining,5,7.936507936507936,New Entry,29.41,555,Established,Short Retention,Strong Entry,Low Priority,Low,Monitor Exit Risk
2am | sebastian yatra & bad gyal,2AM,Sebastian Yatra & Bad Gyal,2025-11-24,2025-11-27,41,31,31,4,55,64,64,single,1,False,3.2737666666666665,4,4,1.0,100.0,2025-11-27,31,3,-3.8,2.999999999999999,10,-10,Improving,9,16.363636363636363,New Entry,20.83,555,Established,Short Retention,Weak Entry,Low Priority,Low,Increase Playlist Exposure
2xll | jc reyes & yovngchimi & slayter,2xLL,JC Reyes & YOVNGCHIMI & Slayter,2025-07-12,2025-08-09,50,35,47,26,61,71,71,single,1,False,2.9818166666666666,29,29,0.896551724137931,89.65517241379311,2025-07-23,35,11,0.1688888888888887,0.30940170940170975,15,-3,Stable,10,16.39344262295082,Mature Phase,76.7,420,Established,Long Retention,Weak Entry,Hidden Opportunity,High,Increase Playlist Exposure
3 caídas | saiko,3 CAÍDAS,SAIKO,2025-04-28,2025-05-05,13,13,47,8,61,69,69,album,16,False,4.19275,8,8,1.0,100.0,2025-04-28,13,0,4.714285714285713,0.9761904761904744,0,34,Declining,8,13.114754098360656,Decline Phase,17.5,345,Established,Moderate Retention,Moderate Entry,Low Priority,Low,Maintain Current Support
4 prez | cruz cafuné,4 PREZ,Cruz Cafuné,2024-05-28,2024-05-29,35,35,46,2,53,56,56,album,23,True,2.4914,2,2,1.0,100.0,2024-05-28,35,0,10.999999999999995,2.9999999999999916,0,11,Declining,3,5.660377358490567,New Entry,8.33,10,Fresh,Short Retention,Weak Entry,Low Priority,Low,Monitor Exit Risk
4to 23 | aitana,4TO 23,Aitana,2025-07-07,2025-07-16,17,17,50,9,58,69,69,single,1,False,2.8053333333333335,10,10,0.9,90.0,2025-07-07,17,0,4.1499999999999995,1.4499999999999997,0,33,Declining,11,18.96551724137931,Decline Phase,17.48,415,Established,Moderate Retention,Moderate Entry,Low Priority,Low,Maintain Current Support
50 palos | feid,50 PALOS,Feid,2024-12-02,2024-12-02,38,38,38,1,0,0,0,album,10,True,2.787333333333333,1,1,1.0,100.0,2024-12-02,38,0,0.0,0.0,0,0,Stable,0,,New Entry,100.0,198,Established,Short Retention,Weak Entry,Low Priority,Low,Monitor Exit Risk
57 | karol g & feid & dfzm,57,KAROL G & Feid & DFZM,2025-11-10,2025-11-27,8,8,41,18,69,85,85,single,1,True,4.968833333333333,18,18,1.0,100.0,2025-11-10,8,0,1.7966976264189882,0.9246646026831787,0,33,Declining,16,23.18840579710145,Decline Phase,35.76,541,Established,Long Retention,Strong Entry,Star Content,Very High,Maintain Current Support
58 | jhayco,58,JHAYCO,2025-09-08,2025-09-18,35,35,45,8,56,68,68,album,29,False,4.7931,11,11,0.7272727272727273,72.72727272727273,2025-09-08,35,0,0.9047619047619013,1.3809523809523776,0,10,Declining,12,21.428571428571427,Decline Phase,38.18,478,Established,Moderate Retention,Weak Entry,Low Priority,Low,Maintain Current Support
69 | nicky jam & feid,69,Nicky Jam & Feid,2024-05-21,2024-06-30,39,22,49,41,67,87,87,single,1,True,3.698916666666667,41,41,1.0,100.0,2024-05-31,22,10,0.4402439024390244,0.3257839721254356,17,10,Stable,20,29.850746268656714,Mature Phase,69.43,3,Fresh,Long Retention,Weak Entry,Star Content,Very High,Increase Playlist Exposure
a 300 | jc reyes & pedro calderon,A 300,JC Reyes & Pedro Calderon,2024-08-06,2025-01-05,50,15,15,148,73,78,77,single,1,False,2.820133333333333,153,153,0.9673202614379085,96.73202614379085,2025-01-05,15,152,-0.14125980520994896,0.016186231430718387,35,-35,Stable,4,5.47945205479452,Mature Phase,84.76,80,Developing,High Retention,Weak Entry,Star Content,Very High,Maintain Strong Playlist Support
a 300 | jc reyes & pedro calderon & blacknife,A 300,JC Reyes & Pedro Calderon & Blacknife,2025-01-06,2025-04-24,16,11,32,107,77,79,76,single,1,False,2.820133333333333,109,109,0.981651376146789,98.1651376146789,2025-01-14,11,8,0.13414251846627084,-0.04200709261545062,5,16,Stable,-1,-1.2987012987012987,Mature Phase,86.55,233,Established,High Retention,Moderate Entry,Star Content,Very High,Maintain Strong Playlist Support
a new star (2 0 2 4) | rels b,a new star (2 0 2 4),Rels B,2025-05-09,2025-05-30,48,32,50,16,74,76,76,album,13,True,2.3705833333333333,22,22,0.7272727272727273,72.72727272727273,2025-05-16,32,7,0.25147058823529417,0.15000000000000208,16,2,Stable,2,2.7027027027027026,Mature Phase,58.11,356,Established,Long Retention,Weak Entry,Star Content,Very High,Increase Playlist Exposure
acho pr | bad bunny,ACHO PR,Bad Bunny,2024-10-14,2024-10-20,15,15,48,7,0,85,85,album,22,True,5.994116666666667,7,7,1.0,100.0,2024-10-14,15,0,5.785714285714286,9.750000000000002,0,33,Declining,85,,New Entry,14.74,149,Mature,Moderate Retention,Moderate Entry,Low Priority,Low,Maintain Current Support
acróstico | shakira,Acróstico,Shakira,2024-05-18,2024-07-09,3,1,50,53,81,92,92,single,1,False,2.846416666666667,53,53,1.0,100.0,2024-05-19,1,1,0.9686340912756003,0.10748266408643904,2,47,Declining,11,13.580246913580247,Decline Phase,50.8,0,Fresh,Long Retention,Strong Entry,Star Content,Very High,Increase Playlist Exposure
adivino | myke towers,ADIVINO,Myke Towers,2025-08-24,2025-11-16,10,10,49,85,0,75,74,album,20,True,4.644066666666666,85,85,1.0,100.0,2025-08-24,10,0,0.23064295485636105,0.16486222395935116,0,39,Stable,74,,Peak Phase,81.26,463,Established,High Retention,Strong Entry,Hidden Opportunity,High,Maintain Strong Playlist Support
adivino | myke towers & bad bunny,ADIVINO,Myke Towers & Bad Bunny,2025-04-28,2025-08-23,1,1,20,116,77,90,87,single,1,True,4.644066666666666,118,118,0.9830508474576272,98.30508474576271,2025-04-28,1,0,0.1780225271979395,0.015807480874947443,0,19,Stable,10,12.987012987012985,Peak Phase,83.45,345,Established,High Retention,Strong Entry,Star Content,Very High,Maintain Strong Playlist Support
akureyri | aitana & sebastian yatra,Akureyri,Aitana & Sebastian Yatra,2025-04-28,2025-06-01,10,10,49,34,64,77,76,single,1,False,3.24,35,35,0.9714285714285714,97.14285714285714,2025-04-28,10,0,1.1260504201680672,0.23193277310924454,0,39,Declining,12,18.75,Decline Phase,45.69,345,Established,Long Retention,Strong Entry,Star Content,Very High,Maintain Current Support
alakran | feid,ALAKRAN,Feid,2024-12-02,2024-12-05,24,24,48,3,0,73,73,album,10,False,1.5102166666666668,4,4,0.75,75.0,2024-12-02,24,0,11.999999999999998,36.49999999999999,0,24,Declining,73,,New Entry,5.77,198,Established,Short Retention,Moderate Entry,Low Priority,Low,Monitor Exit Risk
alegría | tiago pzk,Alegría,Tiago PZK,2025-09-28,2025-10-05,48,8,48,8,73,74,74,album,14,False,2.7509,8,8,1.0,100.0,2025-10-02,8,4,-0.5476190476190486,0.08333333333333365,40,0,Stable,1,1.36986301369863,Peak Phase,64.62,498,Established,Moderate Retention,Weak Entry,Short-Term Hit,Medium,Increase Playlist Exposure
all i want for christmas is you | mariah carey,All I Want for Christmas Is You,Mariah Carey,2024-12-03,2025-01-02,49,1,45,20,95,100,100,album,10,False,4.018433333333333,31,31,0.6451612903225806,64.51612903225806,2024-12-25,1,22,-0.9827067669172939,0.21503759398496036,48,-4,Improving,5,5.263157894736842,Growth Phase,32.54,199,Established,Long Retention,Weak Entry,Star Content,Very High,Increase Playlist Exposure
alucin | eugenio esquivel & grupo marca registrada & sebastian esquivel,Alucin,Eugenio Esquivel & Grupo Marca Registrada & Sebastian Esquivel,2025-01-13,2025-04-05,48,21,33,35,89,91,87,single,1,True,3.2852333333333332,83,83,0.42168674698795183,42.168674698795186,2025-03-22,21,68,-0.30896358543417324,-0.06106442577030817,27,-15,Stable,-2,-2.247191011235955,Mature Phase,32.22,240,Established,High Retention,Weak Entry,Star Content,Very High,Maintain Strong Playlist Support
amanece | anuel aa & haze,Amanece,Anuel AA & Haze,2024-05-25,2025-07-06,50,47,48,15,84,85,81,single,1,False,3.166733333333333,408,408,0.03676470588235294,3.6764705882352944,2024-06-23,47,29,0.0178571428571438,-0.23214285714285282,3,-2,Stable,-3,-3.571428571428571,Mature Phase,3.61,7,Fresh,High Retention,Weak Entry,Star Content,Very High,Maintain Strong Playlist Support
amaneció | quevedo,AMANECIÓ,Quevedo,2025-11-24,2025-11-27,13,13,18,4,62,68,68,album,18,False,4.25555,4,4,1.0,100.0,2025-11-24,13,0,1.4000000000000012,2.000000000000002,0,5,Declining,6,9.67741935483871,New Entry,41.67,555,Established,Short Retention,Moderate Entry,Low Priority,Low,Monitor Exit Risk
amar de nuevo | rauw alejandro,Amar De Nuevo,Rauw Alejandro,2025-11-17,2025-11-17,45,45,45,1,64,64,64,album,18,True,4.467366666666667,1,1,1.0,100.0,2025-11-17,45,0,0.0,0.0,0,0,Stable,0,0.0,New Entry,100.0,548,Established,Short Retention,Weak Entry,Short-Term Hit,Medium,Monitor Exit Risk
amargura | karol g,AMARGURA,KAROL G,2024-05-26,2025-10-31,50,16,49,153,85,92,85,album,17,True,2.8413333333333335,524,524,0.2919847328244275,29.198473282442748,2025-07-26,16,426,-0.10220068888799531,-0.024831463685952748,34,-1,Stable,0,0.0,Mature Phase,26.49,8,Fresh,High Retention,Weak Entry,Star Content,Very High,Maintain Strong Playlist Support
andando | morad,Andando,Morad,2024-05-18,2024-06-03,40,34,50,17,67,76,76,album,19,True,4.361883333333333,17,17,1.0,100.0,2024-05-19,34,1,0.4558823529411778,0.4583333333333358,6,10,Stable,9,13.432835820895523,Mature Phase,68.69,0,Fresh,Long Retention,Weak Entry,Star Content,Very High,Increase Playlist Exposure
antes | rvfv & edu garcía,Antes,Rvfv & Edu García,2024-05-18,2024-07-22,29,29,45,58,79,79,78,single,1,False,2.5614,66,66,0.8787878787878788,87.87878787878788,2024-05-18,29,0,0.2730320834230515,-0.015903288320158342,0,16,Stable,-1,-1.2658227848101267,Mature Phase,69.03,0,Fresh,Long Retention,Weak Entry,Star Content,Very High,Maintain Current Support
antidepresivos | saiko,Antidepresivos,Saiko,2024-08-06,2024-12-19,13,13,41,136,64,79,76,single,1,False,2.4230666666666667,136,136,1.0,100.0,2024-08-06,13,0,0.1778827346023569,0.020738514383855523,0,28,Stable,12,18.75,Mature Phase,84.9,80,Developing,High Retention,Moderate Entry,Star Content,Very High,Maintain Strong Playlist Support
apaga el cel | floyymenor,APAGA EL CEL,FloyyMenor,2025-08-10,2025-09-04,22,22,50,14,6,72,72,album,7,True,3.0801,26,26,0.5384615384615384,53.84615384615385,2025-08-10,22,0,2.254945054945054,3.3318681318681316,0,28,Declining,66,1100.0,Decline Phase,16.54,449,Established,Long Retention,Moderate Entry,Hidden Opportunity,High,Maintain Current Support
apaga el cel | floyymenor & lewis somes,APAGA EL CEL,FloyyMenor & Lewis Somes,2025-05-26,2025-08-09,48,7,21,75,74,87,87,single,1,True,3.0801,76,76,0.9868421052631579,98.68421052631578,2025-06-12,7,17,-0.0010526315789476622,0.16318634423897588,41,-27,Stable,13,17.56756756756757,Peak Phase,98.58,373,Established,Long Retention,Weak Entry,Star Content,Very High,Increase Playlist Exposure
apt. | rosé & bruno mars,APT.,ROSÉ & Bruno Mars,2025-10-23,2025-11-01,45,42,46,7,88,96,96,single,1,False,2.83195,10,10,0.7,70.0,2025-10-30,42,7,-0.03571428571428492,1.4999999999999962,3,1,Stable,8,9.090909090909092,New Entry,67.59,523,Established,Moderate Retention,Weak Entry,Short-Term Hit,Medium,Increase Playlist Exposure
aqyne | aitana,AQYNE,Aitana,2024-09-27,2024-09-29,41,40,40,3,71,73,73,album,15,False,3.0237666666666665,3,3,1.0,100.0,2024-09-28,40,1,-0.5000000000000003,1.0,1,-1,Stable,2,2.8169014084507045,New Entry,66.67,132,Mature,Short Retention,Weak Entry,Short-Term Hit,Medium,Increase Playlist Exposure
arena y sal | omar montes & saiko & tunvao,Arena y Sal,Omar Montes & Saiko & Tunvao,2024-05-21,2025-01-20,18,3,39,242,59,86,77,single,1,False,2.9069166666666666,245,245,0.9877551020408163,98.77551020408163,2024-08-06,3,77,0.12269389058022276,-0.007670908337323354,15,21,Stable,18,30.508474576271187,Peak Phase,87.98,3,Fresh,High Retention,Moderate Entry,Hidden Opportunity,High,Maintain Strong Playlist Support
arranca (feat. omega) | becky g & omega,Arranca (feat. Omega),Becky G & Omega,2024-05-18,2024-07-25,38,38,50,69,82,86,86,single,1,False,2.7754833333333333,69,69,1.0,100.0,2024-05-18,38,0,0.10489587139203539,0.06229448301059658,0,12,Stable,4,4.878048780487805,Mature Phase,90.51,0,Fresh,Long Retention,Weak Entry,Star Content,Very High,Maintain Current Support
asi es la vida | enrique iglesias & maria becerra,ASI ES LA VIDA,Enrique Iglesias & Maria Becerra,2024-11-22,2025-03-23,50,38,48,67,83,84,81,single,1,False,2.86825,122,122,0.5491803278688525,54.91803278688525,2025-01-31,38,70,0.010575464921382336,-0.011134168728549993,12,-2,Stable,-2,-2.4096385542168677,Mature Phase,54.34,188,Established,High Retention,Weak Entry,Star Content,Very High,Maintain Strong Playlist Support
attitude (feat. charlie wilson & cash cobain) | don toliver,ATTITUDE (FEAT. CHARLIE WILSON & CASH COBAIN),Don Toliver,2025-06-21,2025-06-21,46,46,46,1,69,69,69,album,16,True,2.6842166666666665,1,1,1.0,100.0,2025-06-21,46,0,0.0,0.0,0,0,Stable,0,0.0,New Entry,100.0,399,Established,Short Retention,Weak Entry,Short-Term Hit,Medium,Monitor Exit Risk
aunque llegue otro (feat. jay wheeler) | myke towers,AUNQUE LLEGUE OTRO (feat. Jay Wheeler),Myke Towers,2025-08-24,2025-08-24,23,23,23,1,0,0,0,album,20,True,3.296666666666667,1,1,1.0,100.0,2025-08-24,23,0,0.0,0.0,0,0,Stable,0,,New Entry,100.0,463,Established,Short Retention,Moderate Entry,Low Priority,Low,Monitor Exit Risk
ayer y hoy | mora,AYER Y HOY,Mora,2024-08-30,2024-08-31,23,23,46,2,0,69,69,album,15,True,5.2836,2,2,1.0,100.0,2024-08-30,23,0,22.999999999999993,68.99999999999999,0,23,Declining,69,,New Entry,4.17,104,Mature,Short Retention,Moderate Entry,Low Priority,Low,Monitor Exit Risk
ayer | dellafuente,Ayer,DELLAFUENTE,2025-06-16,2025-06-18,37,37,49,2,30,50,50,album,10,False,2.595,3,3,0.6666666666666666,66.66666666666666,2025-06-16,37,0,11.999999999999993,19.999999999999993,0,12,Declining,20,66.66666666666666,New Entry,5.13,394,Established,Short Retention,Weak Entry,Low Priority,Low,Monitor Exit Risk
baby hello | rauw alejandro,BABY HELLO,Rauw Alejandro,2024-07-09,2025-04-19,3,3,50,282,0,79,74,album,14,True,3.707683333333333,285,285,0.9894736842105263,98.94736842105263,2024-07-09,3,0,0.16195582115812343,-0.004998420101129665,0,47,Stable,74,,Peak Phase,85.16,52,Developing,High Retention,Strong Entry,Hidden Opportunity,High,Maintain Strong Playlist Support
baby hello | rauw alejandro & bizarrap,BABY HELLO,Rauw Alejandro & Bizarrap,2024-06-25,2024-07-08,4,2,2,14,71,89,89,single,1,True,3.707683333333333,14,14,1.0,100.0,2024-06-28,2,3,-0.13186813186813195,1.2043956043956008,2,-2,Stable,18,25.352112676056336,Peak Phase,88.35,38,Developing,Moderate Retention,Strong Entry,Short-Term Hit,Medium,Increase Playlist Exposure
baby nueva | bad bunny,BABY NUEVA,Bad Bunny,2024-10-14,2024-10-28,12,12,47,15,0,90,90,album,22,True,4.012883333333333,15,15,1.0,100.0,2024-10-14,12,0,2.857142857142857,2.7999999999999994,0,35,Declining,90,,Decline Phase,25.93,149,Mature,Moderate Retention,Moderate Entry,Hidden Opportunity,High,Maintain Current Support
bad boy | chris jedi & gaby music & dei v,BAD BOY,Chris Jedi & Gaby Music & Dei V,2025-02-11,2025-03-10,16,16,45,28,58,78,77,single,1,True,3.9191,28,28,1.0,100.0,2025-02-11,16,0,0.367816091954023,0.5591133004926118,0,29,Stable,19,32.758620689655174,Mature Phase,73.11,269,Established,Long Retention,Moderate Entry,Hidden Opportunity,High,Maintain Current Support
badgyal | saiko,BADGYAL,SAIKO,2025-04-28,2025-11-23,4,1,36,208,65,85,74,album,16,True,4.2327,210,210,0.9904761904761905,99.04761904761905,2025-05-01,1,3,0.14909880356104607,-0.03357816858961014,3,32,Stable,9,13.846153846153847,Peak Phase,86.2,345,Established,High Retention,Strong Entry,Star Content,Very High,Maintain Strong Playlist Support
bailando bachata | chayanne,Bailando Bachata,Chayanne,2025-05-13,2025-06-02,50,45,46,9,77,78,78,album,9,False,2.8468166666666668,21,21,0.42857142857142855,42.857142857142854,2025-06-01,45,19,-0.4833333333333325,0.06666666666666968,5,-4,Stable,1,1.2987012987012987,Mature Phase,28.89,360,Established,Long Retention,Weak Entry,Star Content,Very High,Increase Playlist Exposure
baja pa' acá | rauw alejandro,Baja Pa' Acá,Rauw Alejandro,2025-11-17,2025-11-20,22,22,48,4,66,72,72,album,18,True,3.3333333333333335,4,4,1.0,100.0,2025-11-17,22,0,8.400000000000002,1.8999999999999961,0,26,Declining,6,9.090909090909092,New Entry,10.64,548,Established,Short Retention,Moderate Entry,Short-Term Hit,Medium,Monitor Exit Risk
bandidona | saiko,Bandidona,Saiko,2024-10-29,2024-11-10,20,20,48,13,39,74,74,single,1,False,2.68235,13,13,1.0,100.0,2024-10-29,20,0,2.5109890109890114,1.8131868131868134,0,28,Declining,35,89.74358974358975,Decline Phase,28.48,164,Mature,Moderate Retention,Moderate Entry,Low Priority,Low,Maintain Current Support
bandit | don toliver,BANDIT,Don Toliver,2025-06-21,2025-06-21,27,27,27,1,69,69,69,album,16,True,2.4617666666666667,1,1,1.0,100.0,2025-06-21,27,0,0.0,0.0,0,0,Stable,0,0.0,New Entry,100.0,399,Established,Short Retention,Weak Entry,Short-Term Hit,Medium,Monitor Exit Risk
barro | duki,Barro,Duki,2025-10-20,2025-10-20,40,40,40,1,60,60,60,single,1,False,3.3508666666666667,1,1,1.0,100.0,2025-10-20,40,0,0.0,0.0,0,0,Stable,0,0.0,New Entry,100.0,520,Established,Short Retention,Weak Entry,Low Priority,Low,Monitor Exit Risk
baticano | bad bunny,BATICANO,Bad Bunny,2024-10-14,2024-10-18,23,23,39,5,0,83,83,album,22,True,4.266666666666667,5,5,1.0,100.0,2024-10-14,23,0,4.799999999999997,16.599999999999994,0,16,Declining,83,,New Entry,17.24,149,Mature,Moderate Retention,Moderate Entry,Low Priority,Low,Maintain Current Support
bby boo - remix | izaak & jhayco & anuel aa,BBY BOO - REMIX,iZaak & Jhayco & Anuel AA,2025-03-30,2025-07-23,32,5,39,115,63,86,83,single,3,True,4.5977,116,116,0.9913793103448276,99.13793103448276,2025-04-18,5,19,0.19533654225518823,0.038294010889292296,27,7,Stable,20,31.746031746031743,Peak Phase,82.94,316,Established,High Retention,Weak Entry,Hidden Opportunity,High,Maintain Strong Playlist Support
beautiful things | benson boone,Beautiful Things,Benson Boone,2025-03-13,2025-06-23,47,17,47,91,100,100,88,single,1,False,3.0050666666666666,103,103,0.883495145631068,88.3495145631068,2025-04-04,17,22,0.19165472208950496,-0.09437808568243301,30,0,Stable,-12,-12.0,Mature Phase,74.14,299,Established,High Retention,Weak Entry,Star Content,Very High,Maintain Strong Playlist Support
bendecido | eladio carrion,Bendecido,Eladio Carrion,2025-01-21,2025-01-26,7,7,45,6,71,78,78,album,17,True,2.3789333333333333,6,6,1.0,100.0,2025-01-21,7,0,7.1999999999999975,1.657142857142858,0,38,Declining,7,9.859154929577464,New Entry,12.2,248,Established,Moderate Retention,Strong Entry,Short-Term Hit,Medium,Maintain Current Support
"besame (feat. tiago pzk, khea & neo pistea) - remix | bhavi & seven kayne & milo j","BESAME (feat. Tiago PZK, Khea & Neo Pistea) - Remix",Bhavi & Seven Kayne & Milo j,2025-04-24,2025-05-06,46,28,49,11,80,85,85,single,1,True,4.738466666666667,13,13,0.8461538461538461,84.61538461538461,2025-04-26,28,2,1.3909090909090913,0.5363636363636366,18,3,Declining,5,6.25,Decline Phase,35.39,341,Established,Moderate Retention,Weak Entry,Short-Term Hit,Medium,Increase Playlist Exposure
besitos bb 2.0 | el perla & omar montes & saiko,Besitos BB 2.0,El Perla & Omar Montes & SAIKO,2025-10-16,2025-10-31,9,9,24,11,61,67,67,single,1,True,3.8948833333333335,16,16,0.6875,68.75,2025-10-16,9,0,1.6181818181818182,0.5909090909090939,0,15,Declining,6,9.836065573770492,Decline Phase,26.26,516,Established,Long Retention,Strong Entry,Hidden Opportunity,High,Maintain Current Support
beso prohibido | beny jr,Beso Prohibido,Beny Jr,2025-09-07,2025-09-07,49,49,49,1,64,64,64,album,14,False,2.5477666666666665,1,1,1.0,100.0,2025-09-07,49,0,0.0,0.0,0,0,Stable,0,0.0,New Entry,100.0,477,Established,Short Retention,Weak Entry,Short-Term Hit,Medium,Monitor Exit Risk
beso | rosalía & rauw alejandro,BESO,ROSALÍA & Rauw Alejandro,2024-05-18,2024-10-06,4,4,47,142,96,96,89,single,3,False,3.242383333333333,142,142,1.0,100.0,2024-05-18,4,0,0.27493393630642654,-0.04817358248583913,0,43,Stable,-7,-7.291666666666667,Peak Phase,78.44,0,Fresh,High Retention,Strong Entry,Star Content,Very High,Maintain Strong Playlist Support
besos (with kidd keo & neelo) | swaggglock & kidd keo & neelo,BESOS (with Kidd Keo & Neelo),SwaggGlock & Kidd Keo & Neelo,2024-09-14,2024-10-13,38,22,37,30,72,77,77,single,1,True,2.8808666666666665,30,30,1.0,100.0,2024-09-19,22,5,0.35239154616240226,0.19466073414905247,16,-1,Stable,5,6.944444444444445,Mature Phase,73.94,119,Mature,Long Retention,Weak Entry,Star Content,Very High,Increase Playlist Exposure
birds of a feather | billie eilish,BIRDS OF A FEATHER,Billie Eilish,2025-06-12,2025-06-13,49,49,49,2,92,92,92,album,10,False,3.5062166666666665,2,2,1.0,100.0,2025-06-12,49,0,-1.0797455595838894e-14,-1.537766225377691e-14,0,0,Stable,0,0.0,New Entry,100.0,390,Established,Short Retention,Weak Entry,Short-Term Hit,Medium,Monitor Exit Risk
boreal | saiko,BOREAL,SAIKO,2025-04-28,2025-05-01,22,22,44,4,59,65,65,album,16,False,2.7535,4,4,1.0,100.0,2025-04-28,22,0,6.600000000000006,2.000000000000001,0,22,Declining,6,10.16949152542373,New Entry,13.16,345,Established,Short Retention,Moderate Entry,Low Priority,Low,Monitor Exit Risk
brindis | duki,Brindis,Duki,2025-11-03,2025-11-07,30,30,50,3,62,70,70,album,15,True,3.0125,5,5,0.6,60.0,2025-11-03,30,0,9.999999999999993,3.999999999999994,0,20,Declining,8,12.903225806451612,New Entry,5.45,534,Established,Moderate Retention,Weak Entry,Low Priority,Low,Maintain Current Support
bubalu | feid,BUBALU,Feid,2024-09-30,2024-10-06,26,26,44,7,0,72,72,album,15,False,3.8042166666666666,7,7,1.0,100.0,2024-09-30,26,0,3.392857142857144,12.892857142857144,0,18,Declining,72,,New Entry,22.76,135,Mature,Moderate Retention,Weak Entry,Low Priority,Low,Maintain Current Support
bubalu | feid & rema,BUBALU,Feid & Rema,2024-09-24,2024-09-29,23,21,41,6,0,77,77,single,1,False,3.8042166666666666,6,6,1.0,100.0,2024-09-25,21,1,4.742857142857141,11.771428571428569,2,18,Declining,77,,New Entry,17.41,129,Mature,Moderate Retention,Moderate Entry,Low Priority,Low,Increase Playlist Exposure
buenas noches | quevedo,BUENAS NOCHES,Quevedo,2025-11-24,2025-11-27,18,18,25,4,60,66,66,album,18,False,3.9813833333333335,4,4,1.0,100.0,2025-11-24,18,0,2.1,1.9999999999999993,0,7,Declining,6,10.0,New Entry,32.26,555,Established,Short Retention,Moderate Entry,Low Priority,Low,Monitor Exit Risk
buenas | quevedo & saiko,Buenas,Quevedo & Saiko,2024-09-24,2025-03-12,1,1,48,170,53,87,78,single,1,False,3.2159,170,170,1.0,100.0,2024-09-24,1,0,0.22463101715304612,-0.02908018392657625,0,47,Stable,25,47.16981132075472,Peak Phase,81.66,129,Mature,High Retention,Strong Entry,Hidden Opportunity,High,Maintain Strong Playlist Support
buscando money | twenty six & tayson kryss,Buscando Money,TWENTY SIX & Tayson Kryss,2025-02-02,2025-04-17,40,4,48,73,75,87,83,single,2,False,2.5,75,75,0.9733333333333334,97.33333333333334,2025-02-15,4,13,0.6390534369986425,0.10718252499074395,36,8,Stable,8,10.666666666666668,Peak Phase,59.38,260,Established,Long Retention,Weak Entry,Star Content,Very High,Increase Playlist Exposure
buscarte lejos | duki,Buscarte Lejos,Duki,2025-11-03,2025-11-09,33,28,49,7,62,72,72,album,15,False,3.2407833333333333,7,7,1.0,100.0,2025-11-06,28,3,0.7857142857142825,1.6071428571428583,5,16,Declining,10,16.129032258064516,New Entry,56.0,534,Established,Moderate Retention,Weak Entry,Low Priority,Low,Increase Playlist Exposure
caché | myke towers,CACHÉ,Myke Towers,2025-08-24,2025-08-24,47,47,47,1,0,0,0,album,20,True,3.2817666666666665,1,1,1.0,100.0,2025-08-24,47,0,0.0,0.0,0,0,Stable,0,,New Entry,100.0,463,Established,Short Retention,Weak Entry,Low Priority,Low,Monitor Exit Risk
cafe malibú | sech & mora & saiko,Cafe Malibú,Sech & Mora & Saiko,2024-07-23,2024-09-19,10,9,47,59,69,81,80,single,1,True,4.33845,59,59,1.0,100.0,2024-07-25,9,2,0.42115721800116873,0.07060198714202204,1,37,Stable,11,15.942028985507244,Peak Phase,70.37,66,Developing,Long Retention,Strong Entry,Star Content,Very High,Increase Playlist Exposure
call me maybe | duki,CALL ME MAYBE,Duki,2024-12-10,2024-12-10,50,50,50,1,65,65,65,single,1,False,3.7066833333333333,1,1,1.0,100.0,2024-12-10,50,0,0.0,0.0,0,0,Stable,0,0.0,New Entry,100.0,206,Established,Short Retention,Weak Entry,Short-Term Hit,Medium,Monitor Exit Risk
cangrinaje | cruz cafuné,Cangrinaje,Cruz Cafuné,2024-05-28,2024-05-28,48,48,48,1,56,56,56,album,23,True,3.5294166666666666,1,1,1.0,100.0,2024-05-28,48,0,0.0,0.0,0,0,Stable,0,0.0,New Entry,100.0,10,Fresh,Short Retention,Weak Entry,Low Priority,Low,Monitor Exit Risk
capri sun | b10 & kilvertz,Capri Sun,B10 & Kilvertz,2025-07-31,2025-08-14,46,34,50,14,61,70,70,single,1,False,2.812116666666667,15,15,0.9333333333333333,93.33333333333333,2025-08-05,34,5,0.49670329670329433,0.6021978021978006,12,4,Stable,9,14.754098360655737,Mature Phase,62.36,439,Established,Moderate Retention,Weak Entry,Hidden Opportunity,High,Increase Playlist Exposure
carita triste | ana mena & emilia,CARITA TRISTE,Ana Mena & Emilia,2025-09-01,2025-11-23,14,9,38,84,60,78,75,single,1,False,2.9216,84,84,1.0,100.0,2025-09-07,9,6,0.41762680976004857,0.0415915763895924,5,24,Stable,15,25.0,Peak Phase,70.54,471,Established,High Retention,Moderate Entry,Hidden Opportunity,High,Maintain Strong Playlist Support
cartera & tacos | myke towers,CARTERA & TACOS,Myke Towers,2024-11-25,2024-11-25,47,47,47,1,0,0,0,album,23,True,2.1655333333333333,1,1,1.0,100.0,2024-11-25,47,0,0.0,0.0,0,0,Stable,0,,New Entry,100.0,191,Established,Short Retention,Weak Entry,Low Priority,Low,Monitor Exit Risk
casanova | soolking & lola indigo & rvfv,Casanova,Soolking & Lola Indigo & Rvfv,2024-12-10,2025-05-29,12,1,50,168,60,84,74,single,1,False,4.063433333333333,171,171,0.9824561403508771,98.24561403508771,2025-01-01,1,22,0.30365051806783727,-0.0287265705275841,11,38,Stable,14,23.333333333333332,Peak Phase,75.36,206,Established,High Retention,Moderate Entry,Hidden Opportunity,High,Maintain Strong Playlist Support
caserio | yandel & saiko,Caserio,Yandel & SAIKO,2025-03-10,2025-03-10,41,41,41,1,59,59,59,single,1,True,3.158733333333333,1,1,1.0,100.0,2025-03-10,41,0,0.0,0.0,0,0,Stable,0,0.0,New Entry,100.0,296,Established,Short Retention,Weak Entry,Low Priority,Low,Monitor Exit Risk
caída del cielo <3 | rels b,caída del cielo <3,Rels B,2025-04-28,2025-05-01,38,38,48,2,66,71,71,album,13,True,2.2203333333333335,4,4,0.5,50.0,2025-04-28,38,0,9.999999999999993,4.999999999999993,0,10,Declining,5,7.575757575757576,New Entry,4.55,345,Established,Short Retention,Weak Entry,Short-Term Hit,Medium,Monitor Exit Risk
celine (with kidd keo) | ghost killer track & kidd keo,Celine (with Kidd Keo),Ghost Killer Track & Kidd Keo,2025-10-03,2025-11-27,50,9,46,55,65,73,73,single,1,False,2.9336166666666665,56,56,0.9821428571428571,98.21428571428571,2025-10-18,9,15,0.3531746031746031,0.11248196248196188,41,-4,Stable,8,12.307692307692308,Peak Phase,72.58,503,Established,Long Retention,Weak Entry,Star Content,Very High,Increase Playlist Exposure
cha cha cha | käärijä,Cha Cha Cha,Käärijä,2024-05-18,2024-05-20,37,37,48,3,86,88,88,single,1,False,2.91935,3,3,1.0,100.0,2024-05-18,37,0,5.49999999999999,0.9999999999999881,0,11,Declining,2,2.3255813953488373,New Entry,15.38,0,Fresh,Short Retention,Weak Entry,Short-Term Hit,Medium,Monitor Exit Risk
chapiadora.com | quevedo,CHAPIADORA.COM,Quevedo,2025-11-24,2025-11-27,8,8,17,4,63,68,68,album,18,False,3.2903,4,4,1.0,100.0,2025-11-24,8,0,3.0,1.600000000000004,0,9,Declining,5,7.936507936507936,New Entry,25.0,555,Established,Short Retention,Strong Entry,Low Priority,Low,Monitor Exit Risk
chihiro | billie eilish,CHIHIRO,Billie Eilish,2025-05-19,2025-05-25,39,39,47,7,61,92,92,album,10,False,5.057333333333333,7,7,1.0,100.0,2025-05-19,39,0,0.8214285714285692,4.035714285714287,0,8,Declining,31,50.81967213114754,New Entry,54.9,366,Established,Moderate Retention,Weak Entry,Low Priority,Low,Maintain Current Support
chorrito pa las animas | feid,CHORRITO PA LAS ANIMAS,Feid,2024-05-18,2024-06-14,32,32,48,28,91,91,91,single,6,True,2.802216666666667,28,28,1.0,100.0,2024-05-18,32,0,0.23070607553366262,9.9423593680527e-16,0,16,Stable,0,0.0,Mature Phase,81.25,0,Fresh,Long Retention,Weak Entry,Star Content,Very High,Maintain Current Support
chula | jc reyes,CHULA,JC Reyes,2024-12-28,2025-01-20,50,49,49,8,69,73,73,single,1,False,2.5473666666666666,24,24,0.3333333333333333,33.33333333333333,2025-01-17,49,20,-0.15476190476190488,0.6190476190476172,1,-1,Stable,4,5.797101449275362,Mature Phase,28.87,224,Established,Long Retention,Weak Entry,Star Content,Very High,Increase Playlist Exposure
chulo pt.2 | bad gyal & tokischa & young miko,Chulo pt.2,Bad Gyal & Tokischa & Young Miko,2024-06-24,2024-10-13,25,22,47,87,64,91,91,single,1,True,3.65555,112,112,0.7767857142857143,77.67857142857143,2024-06-28,22,4,0.15318582780491324,0.16125975067434575,3,22,Stable,27,42.1875,Mature Phase,67.36,37,Developing,High Retention,Moderate Entry,Star Content,Very High,Maintain Strong Playlist Support
cine 🚬 | duki,Cine 🚬,Duki,2025-11-03,2025-11-03,42,42,42,1,61,61,61,album,15,True,2.382616666666667,1,1,1.0,100.0,2025-11-03,42,0,0.0,0.0,0,0,Stable,0,0.0,New Entry,100.0,534,Established,Short Retention,Weak Entry,Low Priority,Low,Monitor Exit Risk
classy 101 | feid,CLASSY 101,Feid,2024-12-02,2025-01-17,16,16,48,28,0,84,84,album,10,True,3.2597666666666667,47,47,0.5957446808510638,59.57446808510638,2024-12-02,16,0,0.903667214012042,1.2785987958401748,0,32,Declining,84,,Decline Phase,31.29,198,Established,Long Retention,Moderate Entry,Hidden Opportunity,High,Maintain Current Support
classy 101 | feid & young miko,Classy 101,Feid & Young Miko,2024-05-18,2024-12-01,7,7,35,183,95,97,92,single,1,True,3.2664333333333335,198,198,0.9242424242424242,92.42424242424242,2024-05-18,7,0,0.16124983355917075,-0.027261049712939186,0,28,Stable,-3,-3.1578947368421053,Peak Phase,79.59,0,Fresh,High Retention,Strong Entry,Star Content,Very High,Maintain Strong Playlist Support
clavaito | chanel & abraham mateo,Clavaito,Chanel & Abraham Mateo,2024-05-18,2025-01-04,8,6,50,153,78,85,75,single,1,False,2.7123333333333335,232,232,0.6594827586206896,65.94827586206897,2024-06-02,6,15,0.20597281974990955,-0.025659067454732832,2,42,Stable,-3,-3.8461538461538463,Peak Phase,54.68,0,Fresh,High Retention,Strong Entry,Star Content,Very High,Maintain Strong Playlist Support
coco chanel | eladio carrion,Coco Chanel,Eladio Carrion,2024-05-18,2024-09-29,17,16,49,127,92,93,87,album,18,True,3.46875,135,135,0.9407407407407408,94.07407407407408,2024-05-24,16,6,0.22726846644169474,-0.03843269591301075,1,32,Stable,-5,-5.434782608695652,Mature Phase,76.65,0,Fresh,High Retention,Moderate Entry,Star Content,Very High,Maintain Strong Playlist Support
coco loco | maluma,COCO LOCO,Maluma,2024-07-01,2024-11-26,50,9,49,113,83,88,74,single,1,False,2.7789,149,149,0.7583892617449665,75.83892617449665,2024-08-06,9,36,0.26718344533901117,-0.1776814824672291,41,-1,Stable,-9,-10.843373493975903,Peak Phase,59.85,44,Developing,High Retention,Weak Entry,Star Content,Very High,Maintain Strong Playlist Support
cohete | shakira,Cohete,Shakira,2025-03-24,2025-03-30,21,21,48,6,0,75,75,album,17,False,2.87505,7,7,0.8571428571428571,85.71428571428571,2025-03-24,21,0,4.628571428571426,11.171428571428569,0,27,Declining,75,,New Entry,15.23,310,Established,Moderate Retention,Moderate Entry,Low Priority,Low,Maintain Current Support
colmillo | tainy,COLMILLO,Tainy,2024-10-19,2024-11-14,44,18,33,9,64,78,78,album,20,True,4.433316666666666,27,27,0.3333333333333333,33.33333333333333,2024-11-10,18,22,-1.7333333333333307,2.0666666666666673,26,-11,Improving,14,21.875,Growth Phase,12.2,154,Mature,Long Retention,Weak Entry,Star Content,Very High,Increase Playlist Exposure
columbia | quevedo,Columbia,Quevedo,2024-07-08,2025-11-02,39,1,46,463,61,97,81,single,1,False,3.1,483,483,0.9585921325051759,95.8592132505176,2024-07-09,1,1,0.1024774175701412,-0.03370147763906597,38,7,Stable,20,32.78688524590164,Peak Phase,86.95,51,Developing,High Retention,Weak Entry,Hidden Opportunity,High,Maintain Strong Playlist Support
cometa halley | saiko,COMETA HALLEY,SAIKO,2025-04-28,2025-05-05,24,24,48,8,59,69,69,album,16,True,3.8424833333333335,8,8,1.0,100.0,2025-04-28,24,0,2.8690476190476155,1.297619047619046,0,24,Declining,10,16.94915254237288,Decline Phase,25.85,345,Established,Moderate Retention,Moderate Entry,Low Priority,Low,Maintain Current Support
committed | rauw alejandro,Committed,Rauw Alejandro,2025-11-17,2025-11-17,29,29,29,1,66,66,66,album,18,True,2.6557333333333335,1,1,1.0,100.0,2025-11-17,29,0,0.0,0.0,0,0,Stable,0,0.0,New Entry,100.0,548,Established,Short Retention,Weak Entry,Short-Term Hit,Medium,Monitor Exit Risk
como camarón | estopa,Como Camarón,Estopa,2024-11-29,2025-02-21,49,32,50,35,70,75,74,album,12,False,3.3671,85,85,0.4117647058823529,41.17647058823529,2025-01-03,32,35,0.04677871148459339,0.0927170868347344,17,1,Stable,4,5.714285714285714,Mature Phase,39.34,195,Established,High Retention,Weak Entry,Star Content,Very High,Maintain Strong Playlist Support
como suenan las estrellas | saiko,COMO SUENAN LAS ESTRELLAS,SAIKO,2025-04-28,2025-05-19,28,24,48,22,58,73,73,album,16,False,2.3112833333333334,22,22,1.0,100.0,2025-04-30,24,2,0.9678147939017497,0.5290796160361387,4,20,Declining,15,25.862068965517242,Decline Phase,50.82,345,Established,Long Retention,Weak Entry,Hidden Opportunity,High,Increase Playlist Exposure
competencia | myke towers,COMPETENCIA,Myke Towers,2025-08-24,2025-08-25,19,19,49,2,0,61,61,album,20,True,3.1804333333333332,2,2,1.0,100.0,2025-08-24,19,0,29.99999999999999,60.999999999999986,0,30,Declining,61,,New Entry,3.23,463,Established,Short Retention,Moderate Entry,Low Priority,Low,Monitor Exit Risk
comuna 3 | jc reyes & the rude boyz,COMUNA 3,JC Reyes & The Rude Boyz,2025-05-16,2025-05-17,47,38,38,2,61,61,61,single,1,False,2.5688,2,2,1.0,100.0,2025-05-17,38,1,-9.000000000000007,-9.021098756438643e-15,9,-9,Improving,0,0.0,New Entry,10.0,363,Established,Short Retention,Weak Entry,Low Priority,Low,Increase Playlist Exposure
comuna 3 | jc reyes & the rudeboyz,COMUNA 3,JC Reyes & The Rudeboyz,2025-05-18,2025-09-17,38,12,49,120,63,75,72,single,1,False,2.5688,123,123,0.975609756097561,97.5609756097561,2025-06-05,12,18,0.23080422251545235,0.0552052225849016,26,11,Stable,9,14.285714285714285,Mature Phase,79.27,365,Established,High Retention,Weak Entry,Hidden Opportunity,High,Maintain Strong Playlist Support
conexión | cano,Conexión,Cano,2025-10-27,2025-11-14,27,27,47,14,38,58,58,album,10,False,3.136,19,19,0.7368421052631579,73.68421052631578,2025-10-27,27,0,1.8065934065934062,1.564835164835163,0,20,Declining,20,52.63157894736842,Decline Phase,26.25,527,Established,Long Retention,Weak Entry,Hidden Opportunity,High,Maintain Current Support
conexión | cano & jc reyes,Conexión,Cano & JC Reyes,2025-10-25,2025-10-26,46,40,40,2,63,63,63,single,1,False,3.136,2,2,1.0,100.0,2025-10-26,40,1,-6.000000000000006,-6.3565634973382676e-15,6,-6,Improving,0,0.0,New Entry,14.29,525,Established,Short Retention,Weak Entry,Low Priority,Low,Increase Playlist Exposure
constelación | duki,Constelación,Duki,2025-11-03,2025-11-10,26,26,43,8,58,70,70,album,15,False,3.34385,8,8,1.0,100.0,2025-11-03,26,0,1.8452380952380933,1.630952380952379,0,17,Declining,12,20.689655172413794,Decline Phase,35.15,534,Established,Moderate Retention,Weak Entry,Low Priority,Low,Maintain Current Support
constelación | duki & lia kali,Constelación,Duki & Lia Kali,2025-11-01,2025-11-02,29,29,50,2,58,62,62,single,1,False,3.34385,2,2,1.0,100.0,2025-11-01,29,0,20.999999999999993,3.99999999999999,0,21,Declining,4,6.896551724137931,New Entry,4.55,532,Established,Short Retention,Weak Entry,Low Priority,Low,Monitor Exit Risk
contigo (with tiësto) | karol g & tiësto,CONTIGO (with Tiësto),KAROL G & Tiësto,2025-02-17,2025-03-24,19,13,50,35,73,90,90,single,1,False,3.2131,36,36,0.9722222222222222,97.22222222222221,2025-02-18,13,1,1.0025210084033611,0.26918767507002656,6,31,Declining,17,23.28767123287671,Decline Phase,48.55,275,Established,Long Retention,Moderate Entry,Star Content,Very High,Increase Playlist Exposure
copa vacía | shakira & manuel turizo,Copa Vacía,Shakira & Manuel Turizo,2024-07-02,2024-07-28,16,16,50,27,74,88,88,single,1,False,2.89245,27,27,1.0,100.0,2024-07-02,16,0,1.1514041514041515,0.3620268620268632,0,34,Declining,14,18.91891891891892,Decline Phase,46.48,45,Developing,Long Retention,Moderate Entry,Star Content,Very High,Maintain Current Support
corazón roto - remix | brray & jhayco & ryan castro,Corazón Roto - Remix,Brray & Jhayco & Ryan Castro,2024-08-10,2024-09-13,49,26,44,33,86,87,87,single,1,True,4.584,35,35,0.9428571428571428,94.28571428571428,2024-09-09,26,30,-0.35327540106951866,0.03609625668449209,23,-5,Stable,1,1.1627906976744187,Mature Phase,69.67,84,Developing,Long Retention,Weak Entry,Star Content,Very High,Increase Playlist Exposure
corazón roto pt. 3 | brray & anuel aa & chencho corleone,Corazón Roto pt. 3,Brray & Anuel AA & Chencho Corleone,2024-09-13,2025-02-04,35,21,50,104,70,86,84,single,1,True,5.806666666666667,145,145,0.7172413793103448,71.72413793103448,2024-09-27,21,14,0.23631708097727516,0.05661474447882218,14,15,Stable,14,20.0,Mature Phase,58.01,118,Mature,High Retention,Weak Entry,Star Content,Very High,Maintain Strong Playlist Support
corazón vacío | maria becerra,CORAZÓN VACÍO,Maria Becerra,2024-07-05,2024-10-13,40,19,44,101,85,90,87,single,1,False,2.6755833333333334,101,101,1.0,100.0,2024-07-19,19,14,0.18126965637740244,-0.018800232964472672,21,4,Stable,2,2.3529411764705883,Mature Phase,84.65,48,Developing,High Retention,Weak Entry,Star Content,Very High,Maintain Strong Playlist Support
corleone | saiko,CORLEONE,Saiko,2024-12-24,2025-01-15,21,21,49,20,44,69,69,album,7,False,3.2,23,23,0.8695652173913043,86.95652173913044,2024-12-24,21,0,0.748120300751879,1.2413533834586463,0,28,Stable,25,56.81818181818182,Mature Phase,49.74,220,Established,Long Retention,Moderate Entry,Hidden Opportunity,High,Maintain Current Support
corleone | saiko & yandel,CORLEONE,Saiko & Yandel,2024-12-17,2024-12-23,32,16,16,7,64,70,70,single,1,False,3.2,7,7,1.0,100.0,2024-12-21,16,4,-3.321428571428575,1.0714285714285723,16,-16,Improving,6,9.375,New Entry,23.14,213,Established,Moderate Retention,Weak Entry,Short-Term Hit,Medium,Increase Playlist Exposure
cosa nuestra | rauw alejandro,Cosa Nuestra,Rauw Alejandro,2025-11-17,2025-11-18,16,16,44,2,67,70,70,album,18,True,4.3409,2,2,1.0,100.0,2025-11-17,16,0,27.999999999999993,2.999999999999996,0,28,Declining,3,4.477611940298507,New Entry,3.45,548,Established,Short Retention,Moderate Entry,Short-Term Hit,Medium,Monitor Exit Risk
cosas pendientes | maluma,Cosas Pendientes,Maluma,2025-11-24,2025-11-27,48,37,37,2,64,73,73,single,1,False,3.0743666666666667,4,4,0.5,50.0,2025-11-27,37,3,-11.00000000000001,8.999999999999996,11,-11,Improving,9,14.0625,New Entry,4.17,555,Established,Short Retention,Weak Entry,Short-Term Hit,Medium,Increase Playlist Exposure
cosas que no te dije | saiko,COSAS QUE NO TE DIJE,Saiko,2024-08-16,2025-04-27,42,7,44,253,72,84,81,single,1,False,3.745416666666667,255,255,0.9921568627450981,99.2156862745098,2024-12-12,7,118,0.05644378444789262,0.02418151288401198,35,2,Stable,9,12.5,Peak Phase,93.91,90,Developing,High Retention,Weak Entry,Star Content,Very High,Maintain Strong Playlist Support
cosmeticos | myke towers,COSMETICOS,Myke Towers,2024-11-25,2024-11-29,33,33,48,2,0,70,70,album,23,True,2.3643666666666667,5,5,0.4,40.0,2024-11-25,33,0,14.999999999999995,69.99999999999999,0,15,Declining,70,,New Entry,2.5,191,Established,Moderate Retention,Weak Entry,Low Priority,Low,Maintain Current Support
cruel summer | taylor swift,Cruel Summer,Taylor Swift,2025-06-01,2025-06-01,39,39,39,1,94,94,94,album,18,False,2.9737666666666667,1,1,1.0,100.0,2025-06-01,39,0,0.0,0.0,0,0,Stable,0,0.0,New Entry,100.0,379,Established,Short Retention,Weak Entry,Short-Term Hit,Medium,Monitor Exit Risk
crush | sky rompiendo & dei v,CRUSH,Sky Rompiendo & Dei V,2025-04-07,2025-08-23,47,15,45,137,74,78,75,single,1,False,3.8888833333333332,139,139,0.9856115107913669,98.56115107913669,2025-04-27,15,20,0.20358616312281816,-0.017207422480258097,32,-2,Stable,1,1.3513513513513513,Mature Phase,81.89,324,Established,High Retention,Weak Entry,Star Content,Very High,Maintain Strong Playlist Support
cuando te vi | crossover #5 | big one & maria becerra & trueno,Cuando Te Vi | CROSSOVER #5,Big One & Maria Becerra & Trueno,2025-07-05,2025-10-28,43,11,49,114,74,83,80,single,5,True,3.64,116,116,0.9827586206896551,98.27586206896551,2025-08-14,11,40,0.22068811891213214,0.11354974585366819,32,6,Stable,6,8.108108108108109,Mature Phase,80.51,413,Established,High Retention,Weak Entry,Star Content,Very High,Maintain Strong Playlist Support
cupido | engel montaz & kuv507 & latinnites music,Cupido,Engel Montaz & Kuv507 & Latinnites Music,2025-04-18,2025-06-05,50,22,44,15,76,77,75,single,1,False,3.5833333333333335,49,49,0.30612244897959184,30.612244897959183,2025-04-23,22,5,-0.1785714285714288,-0.014285714285711302,28,-6,Stable,-1,-1.3157894736842104,Mature Phase,25.97,335,Established,Long Retention,Weak Entry,Star Content,Very High,Increase Playlist Exposure
cupido | tini,Cupido,TINI,2024-05-18,2024-09-12,19,17,49,105,84,84,81,album,14,False,2.90615,118,118,0.8898305084745762,88.98305084745762,2024-05-19,17,1,0.2937383371345633,-0.022102425876011272,2,30,Stable,-3,-3.571428571428571,Mature Phase,68.78,0,Fresh,High Retention,Moderate Entry,Star Content,Very High,Maintain Strong Playlist Support
cybertruck | bad bunny,CYBERTRUCK,Bad Bunny,2024-10-14,2024-10-21,8,8,48,8,0,87,87,album,22,True,3.199316666666667,8,8,1.0,100.0,2024-10-14,8,0,5.833333333333332,7.880952380952378,0,40,Declining,87,,Decline Phase,14.63,149,Mature,Moderate Retention,Strong Entry,Low Priority,Low,Maintain Current Support
cómo te atreves | morat,Cómo Te Atreves,Morat,2025-03-02,2025-03-02,45,45,45,1,78,78,78,album,12,False,4.009333333333333,1,1,1.0,100.0,2025-03-02,45,0,0.0,0.0,0,0,Stable,0,0.0,New Entry,100.0,288,Established,Short Retention,Weak Entry,Short-Term Hit,Medium,Monitor Exit Risk
córcega | mora,CÓRCEGA,Mora,2024-08-30,2024-09-02,17,17,48,4,0,74,74,album,15,True,3.1500166666666667,4,4,1.0,100.0,2024-08-30,17,0,10.700000000000003,22.6,0,31,Declining,74,,New Entry,8.55,104,Mature,Short Retention,Moderate Entry,Low Priority,Low,Monitor Exit Risk
cúrame | rauw alejandro,Cúrame,Rauw Alejandro,2025-08-01,2025-08-16,46,41,45,15,82,84,84,album,14,True,2.7450833333333335,16,16,0.9375,93.75,2025-08-10,41,9,-0.04642857142857179,0.08928571428571716,5,-1,Stable,2,2.4390243902439024,Mature Phase,89.59,440,Established,Long Retention,Weak Entry,Star Content,Very High,Increase Playlist Exposure
dararí | aitana,Dararí,Aitana,2024-09-24,2024-09-29,13,13,48,6,40,70,70,album,15,False,2.8391,6,6,1.0,100.0,2024-09-24,13,0,8.2,5.057142857142859,0,35,Declining,30,75.0,New Entry,10.87,129,Mature,Moderate Retention,Moderate Entry,Low Priority,Low,Maintain Current Support
de plastilina | lola indigo & pepe y vizio,DE PLASTILINA,Lola Indigo & Pepe y Vizio,2024-10-21,2024-10-22,40,40,50,2,0,32,32,single,1,False,3.4922166666666667,2,2,1.0,100.0,2024-10-21,40,0,9.999999999999995,31.999999999999993,0,10,Declining,32,,New Entry,9.09,156,Mature,Short Retention,Weak Entry,Low Priority,Low,Monitor Exit Risk
degenere 👑 (feat. benny blanco) | myke towers,DEGENERE 👑 (feat. benny blanco),Myke Towers,2025-10-20,2025-11-27,9,1,10,39,58,84,84,album,30,True,2.1813333333333333,39,39,1.0,100.0,2025-10-25,1,5,0.13562753036437245,0.5352226720647774,8,1,Stable,26,44.827586206896555,Peak Phase,88.06,520,Established,Long Retention,Strong Entry,Hidden Opportunity,High,Increase Playlist Exposure
demo #5: nostalgia - spanglish version | flowgpt,DEMO #5: nostalgIA - Spanglish Version,FlowGPT,2024-11-08,2024-11-09,20,12,12,2,39,45,45,single,1,True,3.6734166666666668,2,2,1.0,100.0,2024-11-09,12,1,-8.0,5.999999999999993,8,-8,Improving,6,15.384615384615385,New Entry,11.11,174,Mature,Short Retention,Moderate Entry,Low Priority,Low,Increase Playlist Exposure
deportivo | blessd & anuel aa,DEPORTIVO,Blessd & Anuel AA,2025-11-16,2025-11-23,50,35,35,4,58,73,73,single,1,True,3.645016666666667,8,8,0.5,50.0,2025-11-23,35,7,-5.6,4.599999999999996,15,-15,Improving,15,25.862068965517242,New Entry,7.58,547,Established,Moderate Retention,Weak Entry,Low Priority,Low,Increase Playlist Exposure
desataaa | ovy on the drums & myke towers & saiko,DESATAAA,Ovy On The Drums & Myke Towers & SAIKO,2025-03-17,2025-07-09,9,6,50,113,60,78,73,single,1,True,3.2897166666666666,115,115,0.9826086956521739,98.26086956521739,2025-03-21,6,4,0.270759864262426,-0.018730454454720366,3,41,Stable,13,21.666666666666668,Peak Phase,77.32,303,Established,High Retention,Strong Entry,Hidden Opportunity,High,Maintain Strong Playlist Support
despechá | rosalía,DESPECHÁ,ROSALÍA,2024-05-22,2025-01-02,43,39,49,51,84,86,78,album,24,False,2.6131166666666665,226,226,0.22566371681415928,22.566371681415927,2024-06-12,39,21,0.1091402714932118,-0.005248868778281923,4,6,Stable,-6,-7.142857142857142,Mature Phase,20.35,4,Fresh,High Retention,Weak Entry,Star Content,Very High,Maintain Strong Playlist Support
después de la 1 | cris mj & floyymenor,Después De La 1,Cris Mj & FloyyMenor,2025-09-19,2025-11-23,41,11,43,63,77,87,86,single,2,True,2.96,66,66,0.9545454545454546,95.45454545454545,2025-09-27,11,8,0.5213133640552998,0.08021313364055387,30,2,Stable,9,11.688311688311687,Mature Phase,62.74,489,Established,Long Retention,Weak Entry,Star Content,Very High,Increase Playlist Exposure
desquite | feid,DESQUITE,Feid,2024-12-02,2024-12-02,39,39,39,1,0,0,0,album,10,False,2.2257666666666664,1,1,1.0,100.0,2024-12-02,39,0,0.0,0.0,0,0,Stable,0,,New Entry,100.0,198,Established,Short Retention,Weak Entry,Low Priority,Low,Monitor Exit Risk
detrás del dj | rels b,Detrás del DJ,Rels B,2025-04-28,2025-04-28,39,39,39,1,66,66,66,album,13,True,1.9892333333333334,1,1,1.0,100.0,2025-04-28,39,0,0.0,0.0,0,0,Stable,0,0.0,New Entry,100.0,345,Established,Short Retention,Weak Entry,Short-Term Hit,Medium,Monitor Exit Risk
diabla | los diozes,DIABLA,Los Diozes,2025-10-27,2025-11-20,50,17,49,25,62,70,70,album,8,True,3.632416666666667,25,25,1.0,100.0,2025-11-03,17,7,0.4769230769230773,0.33076923076922965,33,-1,Stable,8,12.903225806451612,Mature Phase,67.71,527,Established,Long Retention,Weak Entry,Hidden Opportunity,High,Increase Playlist Exposure
diablita (feat. yovngchimi) | myke towers,DIABLITA (feat. YOVNGCHIMI),Myke Towers,2025-08-24,2025-09-04,34,34,49,9,0,70,70,album,20,True,3.0993333333333335,12,12,0.75,75.0,2025-08-24,34,0,0.9833333333333335,5.083333333333338,0,15,Declining,70,,Decline Phase,37.82,463,Established,Moderate Retention,Weak Entry,Low Priority,Low,Maintain Current Support
diabólica | cris mj,Diabólica,Cris Mj,2025-03-13,2025-08-19,50,14,48,156,70,80,77,album,17,True,3.2,160,160,0.975,97.5,2025-03-23,14,10,0.18826160484266097,0.0019171500371415523,36,-2,Stable,7,10.0,Mature Phase,82.05,299,Established,High Retention,Weak Entry,Star Content,Very High,Maintain Strong Playlist Support
diamonds | mora,DIAMONDS,Mora,2024-08-30,2024-09-02,18,18,45,4,0,74,74,album,15,True,3.2227833333333336,4,4,1.0,100.0,2024-08-30,18,0,9.500000000000002,22.500000000000004,0,27,Declining,74,,New Entry,9.52,104,Mature,Short Retention,Moderate Entry,Low Priority,Low,Monitor Exit Risk
dicelo | lianet rivero & lia & gatillo,Dicelo,Lianet Rivero & Lia & Gatillo,2024-10-20,2024-10-23,29,24,32,4,52,66,66,single,1,False,2.5593833333333333,4,4,1.0,100.0,2024-10-21,24,1,1.2999999999999998,4.799999999999999,5,3,Declining,14,26.923076923076923,New Entry,43.48,155,Mature,Short Retention,Weak Entry,Low Priority,Low,Increase Playlist Exposure
die with a smile | lady gaga & bruno mars,Die With A Smile,Lady Gaga & Bruno Mars,2025-08-31,2025-11-23,50,29,37,48,94,100,100,single,1,False,4.19445,85,85,0.5647058823529412,56.470588235294116,2025-11-15,29,76,-0.31562092922275276,0.00906426400347369,21,-13,Stable,6,6.382978723404255,Mature Phase,42.92,470,Established,High Retention,Weak Entry,Star Content,Very High,Maintain Strong Playlist Support
diluvio | rauw alejandro,DILUVIO,Rauw Alejandro,2024-10-21,2025-10-14,29,3,49,188,77,91,81,album,14,True,3.2842,359,359,0.5236768802228412,52.36768802228412,2024-11-16,3,26,0.1856080923665405,0.011280334183963896,26,20,Stable,4,5.194805194805195,Peak Phase,44.17,156,Mature,High Retention,Weak Entry,Star Content,Very High,Maintain Strong Playlist Support
dinero y fama (feat. omar montes) | myke towers,DINERO y FAMA (feat. Omar Montes),Myke Towers,2025-08-24,2025-08-24,40,40,40,1,0,0,0,album,20,True,3.5991,1,1,1.0,100.0,2025-08-24,40,0,0.0,0.0,0,0,Stable,0,,New Entry,100.0,463,Established,Short Retention,Weak Entry,Low Priority,Low,Monitor Exit Risk
dios #1 | cruz cafuné,Dios #1,Cruz Cafuné,2024-05-28,2024-05-28,43,43,43,1,56,56,56,album,23,True,3.3354166666666667,1,1,1.0,100.0,2024-05-28,43,0,0.0,0.0,0,0,Stable,0,0.0,New Entry,100.0,10,Fresh,Short Retention,Weak Entry,Low Priority,Low,Monitor Exit Risk
do it 4 th€ gram | cruz cafuné,do it 4 th€ gram,Cruz Cafuné,2025-07-21,2025-07-21,34,34,34,1,54,54,54,single,6,True,2.5097,1,1,1.0,100.0,2025-07-21,34,0,0.0,0.0,0,0,Stable,0,0.0,New Entry,100.0,429,Established,Short Retention,Weak Entry,Low Priority,Low,Monitor Exit Risk
doblexxó | j balvin,Doblexxó,J Balvin,2025-08-10,2025-08-23,33,33,46,12,0,74,74,album,15,True,2.945333333333333,14,14,0.8571428571428571,85.71428571428571,2025-08-10,33,0,0.7272727272727292,3.625874125874129,0,13,Stable,74,,Mature Phase,49.62,449,Established,Moderate Retention,Weak Entry,Low Priority,Low,Maintain Current Support
don't lie | duki,don't liE,Duki,2024-06-25,2024-06-29,49,44,50,5,67,75,75,album,14,False,3.5648666666666666,5,5,1.0,100.0,2024-06-28,44,3,-0.30000000000000365,1.89999999999999,5,1,Stable,8,11.940298507462686,New Entry,76.92,38,Developing,Moderate Retention,Weak Entry,Short-Term Hit,Medium,Increase Playlist Exposure
donde se aprende a querer? | mora,DONDE SE APRENDE A QUERER?,Mora,2024-08-30,2025-02-17,3,3,50,152,0,88,83,album,15,False,2.4071166666666666,172,172,0.8837209302325582,88.37209302325581,2024-08-30,3,0,0.24121952719742482,0.0041740990575388,0,47,Stable,83,,Peak Phase,71.2,104,Mature,High Retention,Strong Entry,Hidden Opportunity,High,Maintain Strong Playlist Support
dubai | trueno & beny jr,DUBAI,Trueno & Beny Jr,2024-06-15,2024-06-22,50,47,50,8,75,77,77,single,1,False,2.433333333333333,8,8,1.0,100.0,2024-06-17,47,2,0.023809523809521428,0.26190476190476114,3,0,Stable,2,2.666666666666667,Mature Phase,97.67,28,Fresh,Moderate Retention,Weak Entry,Short-Term Hit,Medium,Increase Playlist Exposure
duro de verdad pt.2 | los sufridos,Duro De Verdad pt.2,Los Sufridos,2025-09-20,2025-09-20,39,39,39,1,55,55,55,single,1,False,3.40505,1,1,1.0,100.0,2025-09-20,39,0,0.0,0.0,0,0,Stable,0,0.0,New Entry,100.0,490,Established,Short Retention,Weak Entry,Low Priority,Low,Monitor Exit Risk
duro de verdad pt.2 | los sufridos & bad gyal,Duro De Verdad pt.2,Los Sufridos & Bad Gyal,2025-09-21,2025-11-27,16,1,27,68,59,77,76,single,1,False,3.40505,68,68,1.0,100.0,2025-09-27,1,6,0.20301942970569148,0.11848684963927156,15,11,Stable,17,28.8135593220339,Peak Phase,83.12,491,Established,Long Retention,Moderate Entry,Hidden Opportunity,High,Increase Playlist Exposure
duro | quevedo,DURO,Quevedo,2025-11-02,2025-11-27,1,1,13,26,66,76,67,single,1,False,2.7034,26,26,1.0,100.0,2025-11-02,1,0,0.7952136752136754,-0.05982905982906034,0,12,Declining,1,1.5151515151515151,Decline Phase,55.7,533,Established,Long Retention,Strong Entry,Star Content,Very High,Maintain Current Support
déjame entrar | rauw alejandro,Déjame Entrar,Rauw Alejandro,2025-07-25,2025-11-23,47,17,47,9,73,75,75,single,1,True,4.2450833333333335,122,122,0.07377049180327869,7.377049180327869,2025-11-17,17,115,0.5333333333333361,0.3666666666666694,30,0,Stable,2,2.73972602739726,Mature Phase,4.81,433,Established,High Retention,Weak Entry,Star Content,Very High,Maintain Strong Playlist Support
el chacal | mora,EL CHACAL,Mora,2024-08-30,2024-09-02,10,10,26,4,0,76,76,album,15,True,3.29645,4,4,1.0,100.0,2024-08-30,10,0,5.700000000000002,23.100000000000005,0,16,Declining,76,,New Entry,14.93,104,Mature,Short Retention,Strong Entry,Low Priority,Low,Monitor Exit Risk
el cielo | sky rompiendo & feid & myke towers,El Cielo,Sky Rompiendo & Feid & Myke Towers,2024-06-04,2025-03-09,10,2,50,271,71,94,84,single,1,True,3.1886666666666668,279,279,0.9713261648745519,97.1326164874552,2024-06-10,2,6,0.1751832959506066,-0.025795287364638413,8,40,Stable,13,18.30985915492958,Peak Phase,82.65,17,Fresh,High Retention,Strong Entry,Star Content,Very High,Maintain Strong Playlist Support
el condenao | lola indigo,EL CONDENAO,Lola Indigo,2024-12-17,2025-01-04,49,35,49,12,53,64,64,album,7,False,2.4138166666666665,19,19,0.631578947368421,63.1578947368421,2024-12-22,35,5,0.31118881118881114,0.7552447552447565,14,0,Stable,11,20.754716981132077,Mature Phase,48.17,213,Established,Long Retention,Weak Entry,Hidden Opportunity,High,Increase Playlist Exposure
el conjuntito | el bobe & omar montes,El Conjuntito,El Bobe & Omar Montes,2025-03-24,2025-09-23,32,1,50,180,28,81,73,single,1,False,2.645183333333333,184,184,0.9782608695652174,97.82608695652173,2025-04-09,1,16,0.24432544214327595,-0.0070423984279352385,31,18,Stable,45,160.71428571428572,Peak Phase,78.62,310,Established,High Retention,Weak Entry,Hidden Opportunity,High,Maintain Strong Playlist Support
el destello | juanjo bona & martin urrutia,El Destello,Juanjo Bona & Martin Urrutia,2025-10-06,2025-10-06,36,36,36,1,57,57,57,single,1,False,2.6780666666666666,1,1,1.0,100.0,2025-10-06,36,0,0.0,0.0,0,0,Stable,0,0.0,New Entry,100.0,506,Established,Short Retention,Weak Entry,Low Priority,Low,Monitor Exit Risk
el estribillo | quevedo,EL ESTRIBILLO,Quevedo,2025-11-24,2025-11-27,16,16,29,4,61,67,67,album,18,False,2.690733333333333,4,4,1.0,100.0,2025-11-24,16,0,3.9000000000000004,1.9000000000000046,0,13,Declining,6,9.836065573770492,New Entry,20.41,555,Established,Short Retention,Moderate Entry,Low Priority,Low,Monitor Exit Risk
el fin del mundo | la la love you,El Fin del Mundo,La La Love You,2025-06-03,2025-11-23,48,37,48,98,69,70,68,album,18,False,3.1348833333333332,174,174,0.5632183908045977,56.32183908045977,2025-08-25,37,83,0.019407200555949175,0.0240167294659197,11,0,Stable,-1,-1.4492753623188406,Mature Phase,55.25,381,Established,High Retention,Weak Entry,Star Content,Very High,Maintain Strong Playlist Support
el jefe | shakira & fuerza regida,El Jefe,Shakira & Fuerza Regida,2024-09-24,2024-10-03,35,31,48,10,70,85,85,single,1,True,2.8382833333333335,10,10,1.0,100.0,2024-09-27,31,3,1.472727272727273,1.3939393939393965,4,13,Declining,15,21.428571428571427,Decline Phase,40.44,129,Mature,Moderate Retention,Weak Entry,Short-Term Hit,Medium,Increase Playlist Exposure
el malo | eladio carrion,El Malo,Eladio Carrion,2025-01-21,2025-02-17,24,20,39,27,67,81,81,album,17,False,3.49425,28,28,0.9642857142857143,96.42857142857143,2025-01-25,20,4,0.7393162393162394,0.41086691086691085,4,15,Stable,14,20.8955223880597,Mature Phase,55.44,248,Established,Long Retention,Moderate Entry,Star Content,Very High,Increase Playlist Exposure
el mambo | kiko rivera,El Mambo,Kiko Rivera,2024-10-04,2025-03-01,39,2,48,145,57,83,76,single,1,False,2.164083333333333,149,149,0.9731543624161074,97.31543624161074,2024-10-13,2,9,0.29198157770429856,0.005436151787120208,37,9,Stable,19,33.33333333333333,Peak Phase,75.32,139,Mature,High Retention,Weak Entry,Hidden Opportunity,High,Maintain Strong Playlist Support
el merengue | marshmello,El Merengue,Marshmello,2024-11-04,2025-11-18,20,19,46,317,11,81,80,album,8,False,3.1611333333333334,380,380,0.8342105263157895,83.42105263157895,2024-11-05,19,1,-0.03429007767018084,0.03810803907844541,1,26,Stable,69,627.2727272727273,Mature Phase,80.66,170,Mature,High Retention,Moderate Entry,Hidden Opportunity,High,Maintain Strong Playlist Support
el merengue | marshmello & manuel turizo,El Merengue,Marshmello & Manuel Turizo,2024-05-18,2024-11-03,5,5,21,170,91,92,89,single,1,False,3.1611333333333334,170,170,1.0,100.0,2024-05-18,5,0,0.11842990699861382,-0.018233889631841877,0,16,Stable,-2,-2.197802197802198,Peak Phase,89.41,0,Fresh,High Retention,Strong Entry,Star Content,Very High,Maintain Strong Playlist Support
el pantalon - rumbas | omar montes,EL PANTALON - RUMBAS,Omar Montes,2025-06-02,2025-09-12,8,2,50,101,27,72,68,album,11,False,3.217766666666667,103,103,0.9805825242718447,98.05825242718447,2025-06-16,2,14,0.42976121141525925,0.09080955154338982,6,42,Stable,41,151.85185185185185,Peak Phase,68.58,380,Established,High Retention,Strong Entry,Hidden Opportunity,High,Maintain Strong Playlist Support
el patio | pepe y vizio & delaossa & kiddo,El Patio,Pepe y Vizio & Delaossa & KIDDO,2025-02-22,2025-08-27,47,8,49,152,70,78,71,single,1,False,3.8774166666666665,187,187,0.8128342245989305,81.28342245989305,2025-03-07,8,13,0.28008665996897186,-0.03869285602006611,39,2,Stable,1,1.4285714285714286,Peak Phase,63.5,280,Established,High Retention,Weak Entry,Star Content,Very High,Maintain Strong Playlist Support
el tonto | lola indigo,EL TONTO,Lola Indigo,2024-05-18,2025-01-10,2,2,50,205,83,84,75,album,11,False,3.1331,238,238,0.8613445378151261,86.1344537815126,2024-05-18,2,0,0.25485645833043147,-0.05707818528784957,0,48,Stable,-8,-9.63855421686747,Peak Phase,68.64,0,Fresh,High Retention,Strong Entry,Star Content,Very High,Maintain Strong Playlist Support
ella baila sola | eslabon armado,Ella Baila Sola,Eslabon Armado,2024-05-18,2024-08-09,23,9,48,84,89,94,90,album,16,False,2.7611833333333333,84,84,1.0,100.0,2024-06-03,9,16,0.3643009010833249,0.012453174040700477,14,25,Stable,1,1.1235955056179776,Peak Phase,73.3,0,Fresh,High Retention,Moderate Entry,Star Content,Very High,Maintain Strong Playlist Support
empelotica | lenny tavárez & feid,EMPELOTICA,Lenny Tavárez & Feid,2025-02-25,2025-04-06,33,16,47,36,0,83,83,single,1,True,3.1720333333333333,41,41,0.8780487804878049,87.8048780487805,2025-03-03,16,6,0.8862290862290865,0.4956241956241973,17,14,Declining,83,,Decline Phase,46.55,283,Established,Long Retention,Weak Entry,Hidden Opportunity,High,Increase Playlist Exposure
emrata | myke towers,EMRATA,Myke Towers,2024-11-25,2024-11-25,46,46,46,1,0,0,0,album,23,True,3.75845,1,1,1.0,100.0,2024-11-25,46,0,0.0,0.0,0,0,Stable,0,,New Entry,100.0,191,Established,Short Retention,Weak Entry,Low Priority,Low,Monitor Exit Risk
en to lao | haze & jhayco,En To Lao,Haze & Jhayco,2024-06-15,2024-07-01,47,45,45,11,71,79,79,single,1,True,3.25055,17,17,0.6470588235294118,64.70588235294117,2024-07-01,45,16,0.00909090909090955,0.8090909090909104,2,-2,Stable,8,11.267605633802818,Mature Phase,64.12,28,Fresh,Long Retention,Weak Entry,Star Content,Very High,Increase Playlist Exposure
enamórate | nicki nicole & bad gyal,Enamórate,Nicki Nicole & Bad Gyal,2024-11-16,2024-12-01,38,31,46,15,49,76,76,single,1,False,2.4630833333333335,16,16,0.9375,93.75,2024-11-18,31,2,0.16785714285714406,1.239285714285715,7,8,Stable,27,55.10204081632652,Mature Phase,80.28,182,Established,Long Retention,Weak Entry,Hidden Opportunity,High,Increase Playlist Exposure
eroticaaaaaaa | gonzy,EROTICAAAAAAA,Gonzy,2025-10-13,2025-10-31,49,38,44,15,47,62,62,album,18,True,2.8277666666666668,19,19,0.7894736842105263,78.94736842105263,2025-10-25,38,12,-0.39999999999999875,0.8107142857142857,11,-5,Stable,15,31.914893617021278,Mature Phase,56.39,513,Established,Long Retention,Weak Entry,Hidden Opportunity,High,Increase Playlist Exposure
es un secreto | plan b,Es un Secreto,Plan B,2025-06-22,2025-07-04,48,37,43,13,80,84,84,album,15,False,3.202,13,13,1.0,100.0,2025-06-30,37,8,-0.49450549450549397,0.3296703296703293,11,-5,Stable,4,5.0,Mature Phase,66.91,400,Established,Moderate Retention,Weak Entry,Short-Term Hit,Medium,Increase Playlist Exposure
escriurem | chiara oliver & martin urrutia,Escriurem,Chiara Oliver & Martin Urrutia,2025-01-25,2025-01-25,47,47,47,1,56,56,56,single,1,False,3.152433333333333,1,1,1.0,100.0,2025-01-25,47,0,0.0,0.0,0,0,Stable,0,0.0,New Entry,100.0,252,Established,Short Retention,Weak Entry,Low Priority,Low,Monitor Exit Risk
eskeleto | saiko,ESKELETO,SAIKO,2025-04-28,2025-10-23,12,11,50,113,61,75,71,album,16,True,4.664883333333333,179,179,0.6312849162011173,63.128491620111724,2025-05-02,11,4,0.2358274003593055,-0.00745225896599886,1,38,Stable,10,16.39344262295082,Mature Phase,51.08,345,Established,High Retention,Moderate Entry,Hidden Opportunity,High,Maintain Strong Playlist Support
espectacular | sky rompiendo & rauw alejandro,Espectacular,Sky Rompiendo & Rauw Alejandro,2025-04-25,2025-04-27,49,49,50,2,73,76,76,single,1,False,3.09565,3,3,0.6666666666666666,66.66666666666666,2025-04-25,49,0,0.9999999999999902,2.999999999999997,0,1,Declining,3,4.10958904109589,New Entry,33.33,342,Established,Short Retention,Weak Entry,Short-Term Hit,Medium,Monitor Exit Risk
espresso martini | rauw alejandro,Espresso Martini,Rauw Alejandro,2025-11-17,2025-11-21,21,21,47,5,67,74,74,album,18,True,3.1869833333333335,5,5,1.0,100.0,2025-11-17,21,0,5.299999999999998,1.6999999999999926,0,26,Declining,7,10.44776119402985,New Entry,15.87,548,Established,Moderate Retention,Moderate Entry,Short-Term Hit,Medium,Maintain Current Support
espresso | sabrina carpenter,Espresso,Sabrina Carpenter,2025-06-09,2025-07-03,49,39,43,24,95,99,99,single,1,True,2.9243166666666665,25,25,0.96,96.0,2025-06-28,39,19,-0.13913043478261009,0.1986956521739114,10,-6,Stable,4,4.2105263157894735,Mature Phase,84.27,387,Established,Long Retention,Weak Entry,Star Content,Very High,Increase Playlist Exposure
europapa | joost,Europapa,Joost,2025-05-14,2025-05-18,40,33,46,5,82,86,86,single,2,False,2.6703,5,5,1.0,100.0,2025-05-15,33,1,2.5,1.0000000000000002,7,6,Declining,4,4.878048780487805,New Entry,28.57,361,Established,Moderate Retention,Weak Entry,Short-Term Hit,Medium,Increase Playlist Exposure
eva longoria | ozuna,Eva Longoria,Ozuna,2024-08-12,2024-11-24,49,8,50,90,71,81,77,album,7,False,3.3308333333333335,105,105,0.8571428571428571,85.71428571428571,2024-08-29,8,17,0.5191587438778449,0.025706877392270868,41,1,Stable,6,8.450704225352112,Peak Phase,56.42,86,Developing,High Retention,Weak Entry,Star Content,Very High,Maintain Strong Playlist Support
extasisssssss | saiko,Extasisssssss,Saiko,2024-12-20,2025-01-31,37,18,49,43,57,75,75,single,2,False,1.9444333333333332,43,43,1.0,100.0,2024-12-22,18,2,0.34143763213530626,0.6192993053458163,19,12,Stable,18,31.57894736842105,Mature Phase,74.55,216,Established,Long Retention,Weak Entry,Hidden Opportunity,High,Increase Playlist Exposure
falsos recuerdos | abraham mateo & omar montes,Falsos Recuerdos,Abraham Mateo & Omar Montes,2025-02-01,2025-02-25,50,32,50,24,65,75,75,single,1,False,3.1902333333333335,25,25,0.96,96.0,2025-02-08,32,7,-0.07217391304347938,0.3817391304347819,18,0,Stable,10,15.384615384615385,Mature Phase,89.54,259,Established,Long Retention,Weak Entry,Star Content,Very High,Increase Playlist Exposure
fantasías | mora,FANTASÍAS,Mora,2024-08-30,2024-09-04,9,9,50,6,0,78,78,album,15,True,3.19745,6,6,1.0,100.0,2024-08-30,9,0,8.857142857142854,11.71428571428571,0,41,Declining,78,,New Entry,10.14,104,Mature,Moderate Retention,Strong Entry,Low Priority,Low,Maintain Current Support
fardos | jc reyes & de la ghetto,FARDOS,JC Reyes & De La Ghetto,2025-02-18,2025-07-30,14,1,50,160,59,82,74,single,1,False,3.0555833333333333,163,163,0.9815950920245399,98.15950920245399,2025-02-22,1,4,0.22381050041017228,-0.03404136880346878,13,36,Stable,15,25.423728813559322,Peak Phase,80.21,276,Established,High Retention,Moderate Entry,Hidden Opportunity,High,Maintain Strong Playlist Support
fecha - intro extended | renzo pianciola,Fecha - Intro Extended,Renzo Pianciola,2025-04-19,2025-04-20,47,46,46,2,0,15,15,single,1,False,3.1633666666666667,2,2,1.0,100.0,2025-04-20,46,1,-1.0000000000000053,14.999999999999996,1,-1,Improving,15,,New Entry,50.0,336,Established,Short Retention,Weak Entry,Low Priority,Low,Increase Playlist Exposure
fecha | feid & yandel,Fecha,Feid & Yandel,2025-04-14,2025-04-18,50,39,45,5,68,76,76,single,5,True,3.1433333333333335,5,5,1.0,100.0,2025-04-17,39,3,-2.1000000000000036,1.899999999999996,11,-5,Improving,8,11.76470588235294,New Entry,32.26,331,Established,Moderate Retention,Weak Entry,Short-Term Hit,Medium,Increase Playlist Exposure
feliz navidad | josé feliciano,Feliz Navidad,José Feliciano,2024-12-25,2024-12-27,5,5,14,3,88,88,88,album,15,False,3.0344333333333333,3,3,1.0,100.0,2024-12-25,5,0,4.500000000000001,6.0178260767602714e-15,0,9,Declining,0,0.0,New Entry,18.18,221,Established,Short Retention,Strong Entry,Short-Term Hit,Medium,Monitor Exit Risk
feliz navidad | saiko,Feliz Navidad,Saiko,2024-12-19,2024-12-20,36,36,46,2,55,58,58,single,3,False,3.6380333333333335,2,2,1.0,100.0,2024-12-19,36,0,9.999999999999993,2.999999999999987,0,10,Declining,3,5.454545454545454,New Entry,9.09,215,Established,Short Retention,Weak Entry,Low Priority,Low,Monitor Exit Risk
ferxxo 151 | feid,FERXXO 151,Feid,2024-09-30,2024-11-06,17,17,50,20,0,74,73,album,15,False,3.255333333333333,38,38,0.5263157894736842,52.63157894736842,2024-09-30,17,0,1.728571428571428,1.9578947368421054,0,33,Declining,73,,Decline Phase,19.29,135,Mature,Long Retention,Moderate Entry,Hidden Opportunity,High,Maintain Current Support
ferxxo 151 | feid & icon,FERXXO 151,Feid & ICON,2024-08-26,2024-09-29,9,9,38,35,0,83,83,single,1,False,3.260883333333333,35,35,1.0,100.0,2024-08-26,9,0,0.4585434173669468,0.6089635854341743,0,29,Stable,83,,Peak Phase,68.56,100,Mature,Long Retention,Strong Entry,Hidden Opportunity,High,Maintain Current Support
ferxxo 30 | feid,FERXXO 30,Feid,2024-10-07,2024-10-13,32,32,50,2,0,76,76,album,16,False,2.896,7,7,0.2857142857142857,28.57142857142857,2024-10-07,32,0,17.999999999999993,75.99999999999999,0,18,Declining,76,,New Entry,1.5,142,Mature,Moderate Retention,Weak Entry,Low Priority,Low,Maintain Current Support
ferxxo edition | feid,FERXXO EDITION,Feid,2024-09-30,2024-10-01,43,43,43,2,0,0,0,album,15,False,2.6957666666666666,2,2,1.0,100.0,2024-09-30,43,0,-1.1685634015539019e-14,0.0,0,0,Stable,0,,New Entry,100.0,135,Mature,Short Retention,Weak Entry,Low Priority,Low,Monitor Exit Risk
figo | dellafuente & morad,Figo,DELLAFUENTE & Morad,2024-12-02,2024-12-02,44,44,44,1,0,0,0,single,6,False,3.0760833333333335,1,1,1.0,100.0,2024-12-02,44,0,0.0,0.0,0,0,Stable,0,,New Entry,100.0,198,Established,Short Retention,Weak Entry,Low Priority,Low,Monitor Exit Risk
fina | bad bunny,FINA,Bad Bunny,2024-10-14,2024-11-18,4,4,49,36,0,93,92,album,22,True,3.60545,36,36,1.0,100.0,2024-10-14,4,0,1.3145431145431146,0.5758043758043773,0,45,Declining,92,,Decline Phase,43.21,149,Mature,Long Retention,Strong Entry,Hidden Opportunity,High,Maintain Current Support
finales de agosto | saiko,FINALES DE AGOSTO,SAIKO,2025-04-28,2025-04-29,40,40,45,2,57,60,60,album,16,False,2.9505666666666666,2,2,1.0,100.0,2025-04-28,40,0,4.999999999999995,2.99999999999999,0,5,Declining,3,5.263157894736842,New Entry,16.67,345,Established,Short Retention,Weak Entry,Low Priority,Low,Monitor Exit Risk
flow violento - remix | yosoyplex & ruven,Flow Violento - Remix,YoSoyPlex & Ruven,2024-05-30,2024-06-20,47,46,46,8,75,76,76,single,1,True,2.77555,22,22,0.36363636363636365,36.36363636363637,2024-06-06,46,7,-0.03571428571428481,0.17857142857142394,1,-1,Stable,1,1.3333333333333335,Mature Phase,35.11,12,Fresh,Long Retention,Weak Entry,Star Content,Very High,Increase Playlist Exposure
flowers | miley cyrus,Flowers,Miley Cyrus,2024-05-18,2024-06-06,48,44,50,18,91,91,91,album,13,False,3.3433333333333333,20,20,0.9,90.0,2024-05-19,44,1,0.07430340557275548,1.7579933881602945e-15,4,2,Stable,0,0.0,Mature Phase,83.78,0,Fresh,Long Retention,Weak Entry,Star Content,Very High,Increase Playlist Exposure
"flowhot (feat. arcángel, de la ghetto, randy) | the academy: segunda misión & sech & dalex","FLOWHOT (feat. Arcángel, De La Ghetto, Randy)",The Academy: Segunda Misión & Sech & Dalex,2025-03-31,2025-03-31,32,32,32,1,53,53,53,album,9,True,3.8849833333333335,1,1,1.0,100.0,2025-03-31,32,0,0.0,0.0,0,0,Stable,0,0.0,New Entry,100.0,317,Established,Short Retention,Weak Entry,Low Priority,Low,Monitor Exit Risk
fortnight (feat. post malone) | taylor swift,Fortnight (feat. Post Malone),Taylor Swift,2025-04-21,2025-04-30,38,24,46,9,85,94,94,album,16,False,3.8160833333333333,10,10,0.9,90.0,2025-04-24,24,3,1.2000000000000004,1.0666666666666704,14,8,Declining,9,10.588235294117647,Decline Phase,40.91,338,Established,Moderate Retention,Weak Entry,Short-Term Hit,Medium,Increase Playlist Exposure
fosforito | dellafuente,Fosforito,DELLAFUENTE,2025-06-16,2025-06-16,46,46,46,1,29,29,29,album,10,False,2.9797,1,1,1.0,100.0,2025-06-16,46,0,0.0,0.0,0,0,Stable,0,0.0,New Entry,100.0,394,Established,Short Retention,Weak Entry,Low Priority,Low,Monitor Exit Risk
friki | gonzy,FRIKI,Gonzy,2025-05-10,2025-11-26,49,8,49,198,69,77,66,single,1,True,3.1511,201,201,0.9850746268656716,98.50746268656717,2025-06-26,8,47,-0.004300072891762292,-0.05410609423057434,41,0,Stable,-3,-4.3478260869565215,Peak Phase,98.09,357,Established,High Retention,Weak Entry,Star Content,Very High,Maintain Strong Playlist Support
fruto | bizarrap & milo j,Fruto,Bizarrap & Milo j,2024-10-07,2024-11-11,25,12,50,36,68,91,91,single,5,False,2.2049,36,36,1.0,100.0,2024-10-12,12,5,0.6423423423423426,0.43462033462033556,13,25,Stable,23,33.82352941176471,Mature Phase,60.89,142,Mature,Long Retention,Moderate Entry,Star Content,Very High,Increase Playlist Exposure
frío | myke towers,FRÍO,Myke Towers,2025-08-24,2025-08-24,36,36,36,1,0,0,0,album,20,True,2.6728833333333335,1,1,1.0,100.0,2025-08-24,36,0,0.0,0.0,0,0,Stable,0,,New Entry,100.0,463,Established,Short Retention,Weak Entry,Low Priority,Low,Monitor Exit Risk
"fé, cojones y paciencia | eladio carrion","Fé, Cojones y Paciencia",Eladio Carrion,2025-01-21,2025-01-21,38,38,38,1,66,66,66,album,17,True,3.170716666666667,1,1,1.0,100.0,2025-01-21,38,0,0.0,0.0,0,0,Stable,0,0.0,New Entry,100.0,248,Established,Short Retention,Weak Entry,Short-Term Hit,Medium,Monitor Exit Risk
g-wa | zheus,G-WA,ZHEUS,2025-11-21,2025-11-27,48,39,39,5,57,63,63,single,1,True,1.9351166666666666,7,7,0.7142857142857143,71.42857142857143,2025-11-23,39,2,-2.200000000000005,1.599999999999997,9,-9,Improving,6,10.526315789473683,New Entry,22.32,552,Established,Moderate Retention,Weak Entry,Low Priority,Low,Increase Playlist Exposure
gangster (pqfnedg) | ovy on the drums & quevedo & yandel,GANGSTER (PQFNEDG),Ovy On The Drums & Quevedo & Yandel,2024-10-21,2024-11-01,15,15,46,12,0,78,78,single,1,True,3.5911666666666666,12,12,1.0,100.0,2024-10-21,15,0,2.90909090909091,4.5559440559440585,0,31,Declining,78,,Decline Phase,25.58,156,Mature,Moderate Retention,Moderate Entry,Low Priority,Low,Maintain Current Support
gangsters y pistolas | feid,GANGSTERS Y PISTOLAS,Feid,2024-09-30,2024-10-01,25,25,25,2,0,0,0,album,15,False,2.844883333333333,2,2,1.0,100.0,2024-09-30,25,0,-1.179880304343852e-15,0.0,0,0,Stable,0,,New Entry,100.0,135,Mature,Short Retention,Moderate Entry,Low Priority,Low,Monitor Exit Risk
gata only (mashup) | dj agus lima,Gata Only (Mashup),Dj Agus Lima,2025-05-09,2025-05-10,5,5,5,2,0,48,48,album,9,False,3.59,2,2,1.0,100.0,2025-05-09,5,0,-1.0721261933235726e-15,47.99999999999999,0,0,Stable,48,,New Entry,100.0,356,Established,Short Retention,Strong Entry,Low Priority,Low,Monitor Exit Risk
gata only | floyymenor,Gata Only,FloyyMenor,2025-08-10,2025-10-14,15,15,50,55,7,80,79,album,7,True,3.7,66,66,0.8333333333333334,83.33333333333334,2025-08-10,15,0,0.417099567099567,0.4090909090909085,0,35,Stable,72,1028.5714285714287,Mature Phase,58.81,449,Established,Long Retention,Moderate Entry,Hidden Opportunity,High,Maintain Current Support
gata only | floyymenor & cris mj,Gata Only,FloyyMenor & Cris Mj,2025-02-24,2025-08-09,41,2,15,162,87,98,96,single,1,True,3.7,167,167,0.9700598802395209,97.0059880239521,2025-04-06,2,41,0.03307407548538515,0.023880795019765064,39,-26,Stable,9,10.344827586206897,Peak Phase,93.9,282,Established,High Retention,Weak Entry,Star Content,Very High,Maintain Strong Playlist Support
gatita gangster | karol g,GATITA GANGSTER,KAROL G,2024-09-13,2024-11-24,49,30,43,63,75,81,80,album,9,True,2.8486666666666665,73,73,0.863013698630137,86.3013698630137,2024-10-12,30,29,0.11227918586789619,0.1258160522273436,19,-6,Stable,5,6.666666666666667,Mature Phase,77.59,118,Mature,Long Retention,Weak Entry,Star Content,Very High,Increase Playlist Exposure
gatitas sandungueras vol.1 | alvaro diaz,GATITAS SANDUNGUERAS VOL.1,Alvaro Diaz,2025-05-19,2025-07-03,30,12,40,46,0,83,83,album,20,False,2.19755,46,46,1.0,100.0,2025-06-12,12,24,0.3325316065371569,0.3757631822386678,18,10,Stable,83,,Mature Phase,75.05,366,Established,Long Retention,Weak Entry,Hidden Opportunity,High,Increase Playlist Exposure
gitana (feat. bryartz) | pablo chill-e,Gitana (feat. Bryartz),Pablo Chill-E,2025-05-03,2025-06-17,50,15,47,45,77,83,77,album,8,True,3.6952333333333334,46,46,0.9782608695652174,97.82608695652173,2025-05-17,15,14,0.35836627140974997,-0.011198945981552655,35,-3,Stable,0,0.0,Mature Phase,72.02,350,Established,Long Retention,Weak Entry,Star Content,Very High,Increase Playlist Exposure
goteras | omar montes & jc reyes,Goteras,Omar Montes & JC Reyes,2025-06-30,2025-11-23,7,1,46,145,57,81,72,single,1,False,3.6075,147,147,0.9863945578231292,98.63945578231292,2025-07-08,1,8,0.2622185482601166,-0.018705715635333065,6,39,Stable,15,26.31578947368421,Peak Phase,78.15,408,Established,High Retention,Strong Entry,Hidden Opportunity,High,Maintain Strong Playlist Support
gracias por nada | bad bunny,GRACIAS POR NADA,Bad Bunny,2024-10-14,2024-10-20,11,11,47,7,0,86,86,album,22,True,2.9575,7,7,1.0,100.0,2024-10-14,11,0,6.357142857142858,9.821428571428571,0,36,Declining,86,,New Entry,13.59,149,Mature,Moderate Retention,Moderate Entry,Low Priority,Low,Maintain Current Support
gran día | mau y ricky & guaynaa,Gran Día,Mau y Ricky & Guaynaa,2025-05-16,2025-06-01,48,17,21,13,60,72,72,single,1,False,3.2306666666666666,17,17,0.7647058823529411,76.47058823529412,2025-05-31,17,15,-1.714285714285713,1.02747252747253,31,-27,Improving,12,20.0,Growth Phase,28.17,363,Established,Long Retention,Weak Entry,Hidden Opportunity,High,Increase Playlist Exposure
gran vía | quevedo,GRAN VÍA,Quevedo,2025-11-24,2025-11-27,1,1,1,4,66,72,72,album,18,False,3.5588,4,4,1.0,100.0,2025-11-24,1,0,-8.214889951798643e-17,2.000000000000003,0,0,Stable,6,9.090909090909092,New Entry,100.0,555,Established,Short Retention,Strong Entry,Short-Term Hit,Medium,Monitor Exit Risk
guay | ozuna & bad gyal,Guay,Ozuna & Bad Gyal,2025-04-21,2025-07-20,22,7,47,90,64,79,77,single,1,False,3.513133333333333,91,91,0.989010989010989,98.9010989010989,2025-04-27,7,6,0.3081861958266452,0.018907684076223407,15,25,Stable,13,20.3125,Peak Phase,75.6,338,Established,High Retention,Moderate Entry,Star Content,Very High,Maintain Strong Playlist Support
hablame claro | yandel,HABLAME CLARO,Yandel,2025-10-13,2025-10-13,47,47,47,1,45,45,45,album,19,True,2.5828166666666665,1,1,1.0,100.0,2025-10-13,47,0,0.0,0.0,0,0,Stable,0,0.0,New Entry,100.0,513,Established,Short Retention,Weak Entry,Low Priority,Low,Monitor Exit Risk
hablame claro | yandel & feid,Hablame Claro,Yandel & Feid,2025-09-16,2025-10-12,37,5,49,27,70,84,83,single,1,True,2.5828166666666665,27,27,1.0,100.0,2025-09-25,5,9,0.7661782661782661,0.4352869352869362,32,12,Declining,13,18.571428571428573,Decline Phase,56.62,486,Established,Long Retention,Weak Entry,Star Content,Very High,Increase Playlist Exposure
hala madrid ...y nada más | real madrid,Hala Madrid ...y nada más,Real Madrid,2025-06-03,2025-06-03,43,43,43,1,60,60,60,single,1,False,2.95,1,1,1.0,100.0,2025-06-03,43,0,0.0,0.0,0,0,Stable,0,0.0,New Entry,100.0,381,Established,Short Retention,Weak Entry,Low Priority,Low,Monitor Exit Risk
halo | quevedo,HALO,Quevedo,2025-11-24,2025-11-27,7,7,8,4,63,69,69,album,18,False,3.0210166666666667,4,4,1.0,100.0,2025-11-24,7,0,0.20000000000000015,2.0000000000000004,0,1,Stable,6,9.523809523809524,New Entry,83.33,555,Established,Short Retention,Strong Entry,Low Priority,Low,Monitor Exit Risk
hardaway | duki,Hardaway,Duki,2025-11-03,2025-11-03,35,35,35,1,62,62,62,album,15,True,3.6072,1,1,1.0,100.0,2025-11-03,35,0,0.0,0.0,0,0,Stable,0,0.0,New Entry,100.0,534,Established,Short Retention,Weak Entry,Low Priority,Low,Monitor Exit Risk
hasta olvidarte | mau y ricky,Hasta Olvidarte,Mau y Ricky,2025-06-03,2025-06-08,30,23,34,6,60,71,71,album,15,False,3.1477,6,6,1.0,100.0,2025-06-04,23,1,1.4571428571428566,1.742857142857142,7,4,Declining,11,18.333333333333332,New Entry,40.7,381,Established,Moderate Retention,Weak Entry,Low Priority,Low,Increase Playlist Exposure
hay lupita | lomiiel,HAY LUPITA,Lomiiel,2025-07-12,2025-10-29,32,2,47,103,77,85,80,single,1,False,1.7639333333333334,110,110,0.9363636363636364,93.63636363636364,2025-08-04,2,23,0.3851205904318411,0.009126652901638476,30,15,Stable,3,3.896103896103896,Peak Phase,67.6,420,Established,High Retention,Weak Entry,Star Content,Very High,Maintain Strong Playlist Support
hay lupita | megan koffe,Hay Lupita,Megan Koffe,2025-06-28,2025-07-10,43,30,32,13,55,64,64,single,1,True,1.81425,13,13,1.0,100.0,2025-07-08,30,10,-0.5989010989010983,0.6813186813186815,13,-11,Stable,9,16.363636363636363,Mature Phase,62.54,406,Established,Moderate Retention,Weak Entry,Low Priority,Low,Increase Playlist Exposure
haz lo que quieras conmigo | walls,haz lo que quieras conmigo,Walls,2025-09-22,2025-10-19,33,33,47,20,53,68,68,single,1,False,3.4767166666666665,28,28,0.7142857142857143,71.42857142857143,2025-09-22,33,0,-0.04135338345864662,0.4330827067669156,0,14,Stable,15,28.30188679245283,Mature Phase,68.59,492,Established,Long Retention,Weak Entry,Hidden Opportunity,High,Maintain Current Support
headshot | anuel aa,Headshot,Anuel AA,2025-09-22,2025-09-22,29,29,29,1,61,61,61,single,1,True,6.820983333333333,1,1,1.0,100.0,2025-09-22,29,0,0.0,0.0,0,0,Stable,0,0.0,New Entry,100.0,492,Established,Short Retention,Weak Entry,Low Priority,Low,Monitor Exit Risk
heavy is the crown | linkin park,Heavy Is the Crown,Linkin Park,2025-09-27,2025-09-27,49,49,49,1,78,78,78,single,2,False,2.783533333333333,1,1,1.0,100.0,2025-09-27,49,0,0.0,0.0,0,0,Stable,0,0.0,New Entry,100.0,497,Established,Short Retention,Weak Entry,Short-Term Hit,Medium,Monitor Exit Risk
heavyweight | eladio carrion,Heavyweight,Eladio Carrion,2025-05-04,2025-05-04,49,49,49,1,62,62,62,single,5,True,2.7462666666666666,1,1,1.0,100.0,2025-05-04,49,0,0.0,0.0,0,0,Stable,0,0.0,New Entry,100.0,351,Established,Short Retention,Weak Entry,Low Priority,Low,Monitor Exit Risk
hermosa casualidad | sen senra & aitana,Hermosa Casualidad,Sen Senra & Aitana,2025-06-02,2025-06-09,43,39,50,6,34,61,61,single,1,False,3.42965,8,8,0.75,75.0,2025-06-06,39,4,0.5142857142857123,3.857142857142853,4,7,Stable,27,79.41176470588235,New Entry,49.53,380,Established,Moderate Retention,Weak Entry,Low Priority,Low,Increase Playlist Exposure
hey bb | saiko,HEY BB,SAIKO,2025-04-28,2025-05-02,26,26,44,5,59,65,65,album,16,False,2.72835,5,5,1.0,100.0,2025-04-28,26,0,3.199999999999998,1.499999999999994,0,18,Declining,6,10.16949152542373,New Entry,23.81,345,Established,Moderate Retention,Weak Entry,Low Priority,Low,Maintain Current Support
hey lil mama | eladio carrion,Hey Lil Mama,Eladio Carrion,2025-01-21,2025-04-13,9,8,48,78,69,86,81,album,17,False,3.6056333333333335,83,83,0.9397590361445783,93.97590361445783,2025-01-25,8,4,0.5134991590687792,0.031550727753258734,1,39,Stable,12,17.391304347826086,Peak Phase,62.09,248,Established,High Retention,Strong Entry,Star Content,Very High,Maintain Strong Playlist Support
hey mor | ozuna,Hey Mor,Ozuna,2024-05-18,2024-09-12,30,30,50,97,91,92,88,album,18,False,3.276666666666667,118,118,0.8220338983050848,82.20338983050848,2024-05-18,30,0,0.1834762255417631,-0.018067536292867867,0,20,Stable,-3,-3.296703296703297,Mature Phase,69.46,0,Fresh,High Retention,Weak Entry,Star Content,Very High,Maintain Strong Playlist Support
hibiki | bad bunny,HIBIKI,Bad Bunny,2024-10-14,2024-12-01,2,2,49,49,0,92,89,album,22,True,3.466666666666667,49,49,1.0,100.0,2024-10-14,2,0,1.024795918367347,0.24255102040816376,0,47,Declining,89,,Decline Phase,49.39,149,Mature,Long Retention,Strong Entry,Hidden Opportunity,High,Maintain Current Support
historias por contar | operación triunfo 2023,Historias Por Contar,Operación Triunfo 2023,2025-02-22,2025-02-24,28,28,50,3,57,57,57,single,1,False,3.2007,3,3,1.0,100.0,2025-02-22,28,0,11.000000000000004,6.921108439379876e-15,0,22,Declining,0,0.0,New Entry,8.33,280,Established,Short Retention,Weak Entry,Low Priority,Low,Monitor Exit Risk
holanda | jhayco,Holanda,Jhayco,2024-08-04,2025-03-12,47,3,45,219,73,93,84,single,1,True,3.86155,221,221,0.9909502262443439,99.09502262443439,2024-08-16,3,12,0.19604921909810694,-0.006086121996641218,44,-2,Stable,11,15.068493150684931,Peak Phase,82.85,78,Developing,High Retention,Weak Entry,Star Content,Very High,Maintain Strong Playlist Support
holly jolly christmas | michael bublé,Holly Jolly Christmas,Michael Bublé,2024-12-25,2024-12-27,24,24,45,3,83,83,83,album,16,False,1.9964333333333333,3,3,1.0,100.0,2024-12-25,24,0,10.5,-5.975218704900159e-16,0,21,Declining,0,0.0,New Entry,8.7,221,Established,Short Retention,Moderate Entry,Short-Term Hit,Medium,Monitor Exit Risk
houdini | dua lipa,Houdini,Dua Lipa,2024-11-11,2024-11-17,23,23,50,7,58,89,89,single,1,False,3.0986166666666666,7,7,1.0,100.0,2024-11-11,23,0,3.035714285714288,4.0357142857142865,0,27,Declining,31,53.44827586206896,New Entry,24.78,177,Mature,Moderate Retention,Moderate Entry,Low Priority,Low,Maintain Current Support
hoy | valentino merlo & the la planta,Hoy,Valentino Merlo & The La Planta,2025-09-29,2025-10-04,19,13,14,6,83,84,84,single,1,False,3.30825,6,6,1.0,100.0,2025-10-02,13,3,-1.1142857142857134,0.25714285714285945,6,-5,Improving,1,1.2048192771084338,New Entry,47.3,499,Established,Moderate Retention,Moderate Entry,Short-Term Hit,Medium,Increase Playlist Exposure
i can do it with a broken heart | taylor swift,I Can Do It With a Broken Heart,Taylor Swift,2025-04-23,2025-04-23,50,50,50,1,82,82,82,album,16,True,3.6334,1,1,1.0,100.0,2025-04-23,50,0,0.0,0.0,0,0,Stable,0,0.0,New Entry,100.0,340,Established,Short Retention,Weak Entry,Short-Term Hit,Medium,Monitor Exit Risk
i like the way you kiss me | artemas,i like the way you kiss me,Artemas,2025-04-04,2025-05-02,48,19,50,21,92,100,100,single,1,False,2.3752333333333335,29,29,0.7241379310344828,72.41379310344827,2025-04-18,19,14,-0.537662337662337,0.3233766233766228,29,2,Stable,8,8.695652173913043,Mature Phase,47.09,321,Established,Long Retention,Weak Entry,Star Content,Very High,Increase Playlist Exposure
ia | clarent,IA,Clarent,2025-10-20,2025-11-12,19,1,1,24,57,78,78,single,1,True,2.8571333333333335,24,24,1.0,100.0,2025-11-09,1,20,-0.4826086956521744,0.7899999999999981,18,-18,Stable,21,36.84210526315789,Peak Phase,67.45,520,Established,Long Retention,Moderate Entry,Hidden Opportunity,High,Increase Playlist Exposure
ia | clarent & mora,IA,Clarent & Mora,2025-11-13,2025-11-27,1,1,9,15,79,80,80,single,1,True,4.0,15,15,1.0,100.0,2025-11-13,1,0,0.825,0.08928571428571422,0,8,Declining,1,1.2658227848101267,Decline Phase,54.79,544,Established,Moderate Retention,Strong Entry,Star Content,Very High,Maintain Current Support
iguales | quevedo,IGUALES,Quevedo,2025-11-24,2025-11-27,3,3,4,4,66,71,71,album,18,False,3.055266666666667,4,4,1.0,100.0,2025-11-24,3,0,0.4,1.6999999999999942,0,1,Stable,5,7.575757575757576,New Entry,71.43,555,Established,Short Retention,Strong Entry,Short-Term Hit,Medium,Monitor Exit Risk
il capo | rauw alejandro,IL Capo,Rauw Alejandro,2025-11-17,2025-11-17,38,38,38,1,65,65,65,album,18,True,4.159983333333333,1,1,1.0,100.0,2025-11-17,38,0,0.0,0.0,0,0,Stable,0,0.0,New Entry,100.0,548,Established,Short Retention,Weak Entry,Short-Term Hit,Medium,Monitor Exit Risk
imagínate | danny ocean & kapo,Imagínate,Danny Ocean & Kapo,2025-11-15,2025-11-27,45,15,32,13,70,78,78,single,1,True,2.8394166666666667,13,13,1.0,100.0,2025-11-23,15,8,-1.5164835164835162,0.6758241758241766,30,-13,Improving,8,11.428571428571429,Growth Phase,39.74,546,Established,Moderate Retention,Weak Entry,Short-Term Hit,Medium,Increase Playlist Exposure
imperio | duki,Imperio,Duki,2025-11-03,2025-11-23,22,15,49,19,62,76,76,album,15,True,2.81185,21,21,0.9047619047619048,90.47619047619048,2025-11-09,15,6,1.5421052631578949,0.6298245614035095,7,27,Declining,14,22.58064516129032,Decline Phase,35.59,534,Established,Long Retention,Moderate Entry,Hidden Opportunity,High,Increase Playlist Exposure
it's beginning to look a lot like christmas | michael bublé,It's Beginning to Look a Lot like Christmas,Michael Bublé,2024-12-25,2024-12-27,16,16,28,3,87,87,87,album,21,False,3.453316666666667,3,3,1.0,100.0,2024-12-25,16,0,6.0,-3.4580776809140764e-15,0,12,Declining,0,0.0,New Entry,14.29,221,Established,Short Retention,Moderate Entry,Short-Term Hit,Medium,Monitor Exit Risk
it's the most wonderful time of the year | andy williams,It's the Most Wonderful Time of the Year,Andy Williams,2024-12-25,2024-12-27,12,12,24,3,79,79,79,album,12,False,2.5166666666666666,3,3,1.0,100.0,2024-12-25,12,0,6.000000000000001,-1.3079987171935325e-14,0,12,Declining,0,0.0,New Entry,14.29,221,Established,Short Retention,Moderate Entry,Short-Term Hit,Medium,Monitor Exit Risk
"japoni (feat. camin, moncho chavea, jthyago & samueliyo baby) | oscar el ruso & samuel g & omar montes","Japoni (feat. Camin, Moncho Chavea, Jthyago & Samueliyo Baby)",Oscar el Ruso & Samuel G & Omar Montes,2025-01-18,2025-06-17,49,26,49,72,68,77,65,single,1,False,4.1334,151,151,0.4768211920529801,47.682119205298015,2025-02-25,26,38,0.16943211782108175,-0.016624863335262176,23,0,Stable,-3,-4.411764705882353,Mature Phase,40.77,245,Established,High Retention,Weak Entry,Star Content,Very High,Maintain Strong Playlist Support
jingle bell rock | bobby helms,Jingle Bell Rock,Bobby Helms,2024-12-25,2024-12-27,10,10,20,3,94,94,94,single,2,False,2.1828833333333333,3,3,1.0,100.0,2024-12-25,10,0,4.999999999999999,4.90463607728069e-15,0,10,Declining,0,0.0,New Entry,16.67,221,Established,Short Retention,Strong Entry,Short-Term Hit,Medium,Monitor Exit Risk
k-pop | travis scott & bad bunny & the weeknd,K-POP,Travis Scott & Bad Bunny & The Weeknd,2024-07-23,2024-08-05,21,21,50,14,82,93,93,single,1,True,3.087,14,14,1.0,100.0,2024-07-23,21,0,2.0087912087912088,2.558241758241756,0,29,Declining,11,13.414634146341465,Decline Phase,33.24,66,Developing,Moderate Retention,Moderate Entry,Short-Term Hit,Medium,Maintain Current Support
kassandra | quevedo,KASSANDRA,Quevedo,2025-11-24,2025-11-27,2,2,2,4,66,72,72,album,18,False,3.0528666666666666,4,4,1.0,100.0,2025-11-24,2,0,-1.6429779903597286e-16,2.000000000000003,0,0,Stable,6,9.090909090909092,New Entry,100.0,555,Established,Short Retention,Strong Entry,Short-Term Hit,Medium,Monitor Exit Risk
khé? | rauw alejandro,Khé?,Rauw Alejandro,2025-11-17,2025-11-27,18,8,11,11,67,83,83,album,18,False,3.4344333333333332,11,11,1.0,100.0,2025-11-23,8,6,-0.06363636363636312,1.4363636363636387,10,-7,Stable,16,23.88059701492537,Peak Phase,94.02,548,Established,Moderate Retention,Moderate Entry,Short-Term Hit,Medium,Increase Playlist Exposure
ktm | jhayco & bryant myers & luar la l,KTM,Jhayco & Bryant Myers & Luar La L,2025-03-24,2025-03-28,16,16,49,4,0,70,70,single,1,True,6.112666666666667,5,5,0.8,80.0,2025-03-24,16,0,9.900000000000006,21.300000000000004,0,33,Declining,70,,New Entry,7.34,310,Established,Moderate Retention,Moderate Entry,Low Priority,Low,Maintain Current Support
la 125 | quevedo,LA 125,Quevedo,2025-11-24,2025-11-27,10,10,22,4,62,67,67,album,18,False,3.2381,4,4,1.0,100.0,2025-11-24,10,0,3.7,1.6000000000000043,0,12,Declining,5,8.064516129032258,New Entry,21.28,555,Established,Short Retention,Strong Entry,Low Priority,Low,Monitor Exit Risk
la baby | brytiago,La Baby,Brytiago,2024-11-03,2024-12-02,42,3,12,16,55,74,74,single,1,True,2.6888833333333335,30,30,0.5333333333333333,53.333333333333336,2024-11-30,3,27,-1.9808823529411757,0.8617647058823533,39,-30,Improving,19,34.54545454545455,Growth Phase,17.89,169,Mature,Long Retention,Weak Entry,Hidden Opportunity,High,Increase Playlist Exposure
la baby | tainy,LA BABY,Tainy,2024-07-02,2024-07-12,25,25,47,11,67,78,78,album,19,False,3.047616666666667,11,11,1.0,100.0,2024-07-02,25,0,1.8363636363636375,1.0000000000000016,0,22,Declining,11,16.417910447761194,Decline Phase,35.26,45,Developing,Moderate Retention,Moderate Entry,Short-Term Hit,Medium,Maintain Current Support
la bachata | manuel turizo,La Bachata,Manuel Turizo,2024-05-18,2025-11-19,24,11,46,538,86,88,82,album,15,False,2.7106166666666667,551,551,0.9764065335753176,97.64065335753176,2025-01-01,11,228,-0.009341207809122735,-0.004332189526385228,13,22,Stable,-4,-4.651162790697675,Mature Phase,96.74,0,Fresh,High Retention,Moderate Entry,Star Content,Very High,Maintain Strong Playlist Support
la bebe - remix | yng lvcas & peso pluma,La Bebe - Remix,Yng Lvcas & Peso Pluma,2024-05-18,2024-08-29,13,10,49,104,99,100,96,single,2,True,3.905866666666667,104,104,1.0,100.0,2024-06-01,10,14,0.35745759095273666,-0.034204630321135986,3,36,Stable,-3,-3.0303030303030303,Peak Phase,73.67,0,Fresh,High Retention,Moderate Entry,Star Content,Very High,Maintain Strong Playlist Support
la canción feliz del disco | eladio carrion,La Canción Feliz Del Disco,Eladio Carrion,2025-01-21,2025-01-24,13,13,50,4,69,75,75,album,17,True,2.8920666666666666,4,4,1.0,100.0,2025-01-21,13,0,11.600000000000001,2.2999999999999945,0,37,Declining,6,8.695652173913043,New Entry,7.94,248,Established,Short Retention,Moderate Entry,Short-Term Hit,Medium,Monitor Exit Risk
la capi | myke towers,LA CAPI,Myke Towers,2024-12-14,2025-09-25,41,13,49,233,72,81,75,album,23,True,3.3726666666666665,286,286,0.8146853146853147,81.46853146853147,2025-01-22,13,39,0.09319679876139841,-0.017770744868569558,28,8,Stable,3,4.166666666666666,Mature Phase,74.52,210,Established,High Retention,Weak Entry,Star Content,Very High,Maintain Strong Playlist Support
la falda | myke towers,LA FALDA,Myke Towers,2024-11-25,2025-11-23,3,1,44,359,0,94,83,album,23,True,2.9038166666666667,364,364,0.9862637362637363,98.62637362637363,2025-02-18,1,85,0.07134757732787646,-0.007966988790505296,2,41,Stable,83,,Peak Phase,92.06,191,Established,High Retention,Strong Entry,Hidden Opportunity,High,Maintain Strong Playlist Support
la fiesta | pedro capó,La Fiesta,Pedro Capó,2024-05-18,2024-06-27,36,30,50,17,71,76,76,album,10,False,3.3507333333333333,41,41,0.4146341463414634,41.46341463414634,2024-05-20,30,2,1.009803921568628,0.2426470588235287,6,14,Declining,5,7.042253521126761,Decline Phase,20.63,0,Fresh,Long Retention,Weak Entry,Star Content,Very High,Increase Playlist Exposure
la gata bajo la lluvia | naiara,La Gata Bajo La Lluvia,Naiara,2025-01-25,2025-01-25,46,46,46,1,55,55,55,single,1,False,2.7446333333333333,1,1,1.0,100.0,2025-01-25,46,0,0.0,0.0,0,0,Stable,0,0.0,New Entry,100.0,252,Established,Short Retention,Weak Entry,Low Priority,Low,Monitor Exit Risk
la inocente | mora,LA INOCENTE,Mora,2024-05-30,2024-08-11,49,45,50,31,88,90,88,album,15,True,3.36955,74,74,0.4189189189189189,41.891891891891895,2024-06-21,45,22,0.04193548387096672,-0.0056451612903237885,4,1,Stable,0,0.0,Mature Phase,40.21,12,Fresh,Long Retention,Weak Entry,Star Content,Very High,Increase Playlist Exposure
la jumpa | arcángel,La Jumpa,Arcángel,2024-05-18,2024-06-23,42,36,48,37,87,87,87,album,18,True,4.26155,37,37,1.0,100.0,2024-05-29,36,11,0.26908487434803274,1.1271669913985416e-15,6,6,Stable,0,0.0,Mature Phase,78.8,0,Fresh,Long Retention,Weak Entry,Star Content,Very High,Increase Playlist Exposure
la marina sta morena | figa flawas,LA MARINA STA MORENA,Figa Flawas,2025-08-07,2025-10-15,49,19,42,69,65,73,71,single,1,False,2.1888666666666667,70,70,0.9857142857142858,98.57142857142858,2025-09-04,19,28,0.07661673364998177,0.07376689806357371,30,-7,Stable,6,9.230769230769232,Mature Phase,91.56,446,Established,Long Retention,Weak Entry,Star Content,Very High,Increase Playlist Exposure
la nena | lyanno & rauw alejandro,LA NENA,Lyanno & Rauw Alejandro,2025-04-21,2025-05-25,47,25,48,27,74,80,80,single,1,True,3.334,35,35,0.7714285714285715,77.14285714285715,2025-04-27,25,6,0.277777777777778,0.22710622710622777,22,1,Stable,6,8.108108108108109,Mature Phase,60.37,338,Established,Long Retention,Weak Entry,Star Content,Very High,Increase Playlist Exposure
la noia | angelina mango,la noia,Angelina Mango,2025-05-14,2025-05-14,47,47,47,1,80,80,80,single,1,False,3.152066666666667,1,1,1.0,100.0,2025-05-14,47,0,0.0,0.0,0,0,Stable,0,0.0,New Entry,100.0,361,Established,Short Retention,Weak Entry,Short-Term Hit,Medium,Monitor Exit Risk
la ranger (feat. myke towers) | the academy: segunda misión & justin quiles & lenny tavárez,LA RANGER (feat. Myke Towers),The Academy: Segunda Misión & Justin Quiles & Lenny Tavárez,2025-03-31,2025-07-16,7,3,45,107,64,83,78,album,9,True,3.8289666666666666,108,108,0.9907407407407407,99.07407407407408,2025-04-11,3,11,0.3829914379200218,-0.017506220733164976,4,38,Stable,14,21.875,Peak Phase,71.64,317,Established,High Retention,Strong Entry,Star Content,Very High,Maintain Strong Playlist Support
la raíz d€l mal | cruz cafuné,la raíz d€l mal,Cruz Cafuné,2025-07-21,2025-07-26,42,42,50,4,54,61,61,single,6,True,2.22945,6,6,0.6666666666666666,66.66666666666666,2025-07-21,42,0,2.200000000000001,2.1999999999999966,0,8,Declining,7,12.962962962962962,New Entry,20.83,429,Established,Moderate Retention,Weak Entry,Low Priority,Low,Maintain Current Support
la reina | lola indigo,LA REINA,Lola Indigo,2025-06-16,2025-11-26,17,4,48,162,29,80,73,single,1,False,2.5,164,164,0.9878048780487805,98.78048780487805,2025-06-20,4,4,0.12665952543253162,0.017339368099570665,13,31,Stable,44,151.72413793103448,Peak Phase,87.68,394,Established,High Retention,Moderate Entry,Hidden Opportunity,High,Maintain Strong Playlist Support
la rijana | saiko,LA RIJANA,SAIKO,2025-04-28,2025-04-29,41,41,47,2,57,60,60,album,16,False,2.2862,2,2,1.0,100.0,2025-04-28,41,0,5.999999999999992,2.99999999999999,0,6,Declining,3,5.263157894736842,New Entry,14.29,345,Established,Short Retention,Weak Entry,Low Priority,Low,Monitor Exit Risk
la rizos [dime si le comento a la pura] | las 2k & chardo chardemio & melody records international,La Rizos [Dime Si Le Comento a la Pura],Las 2K & Chardo Chardemio & Melody Records International,2025-08-25,2025-11-06,41,22,48,69,68,74,72,single,1,False,3.6353166666666668,74,74,0.9324324324324325,93.24324324324324,2025-09-15,22,21,0.14764340518816216,0.02396784800876978,19,7,Stable,4,5.88235294117647,Mature Phase,81.25,464,Established,Long Retention,Weak Entry,Star Content,Very High,Increase Playlist Exposure
la roja baila - himno oficial de la selección española | sergio ramos & niña pastori & redone,La roja baila - Himno oficial de la selección española,Sergio Ramos & Niña Pastori & RedOne,2025-07-15,2025-07-16,9,9,9,2,56,58,58,single,1,False,3.9230666666666667,2,2,1.0,100.0,2025-07-15,9,0,-1.7001631767970826e-15,1.9999999999999944,0,0,Stable,2,3.571428571428571,New Entry,100.0,423,Established,Short Retention,Strong Entry,Low Priority,Low,Monitor Exit Risk
la sevillana - sevillanas | omar montes,LA SEVILLANA - SEVILLANAS,Omar Montes,2025-05-05,2025-07-03,8,8,47,60,77,77,60,single,1,False,3.672433333333333,60,60,1.0,100.0,2025-05-05,8,0,0.6965268130036122,-0.5108363434287311,0,39,Stable,-17,-22.07792207792208,Peak Phase,58.94,352,Established,Long Retention,Strong Entry,Star Content,Very High,Maintain Current Support
la sevillana | omar montes,LA SEVILLANA,Omar Montes,2025-04-14,2025-05-04,19,3,9,21,59,77,77,single,1,False,3.672433333333333,21,21,1.0,100.0,2025-04-20,3,6,-0.18181818181818182,0.8168831168831165,16,-10,Stable,18,30.508474576271187,Peak Phase,84.62,331,Established,Long Retention,Moderate Entry,Hidden Opportunity,High,Increase Playlist Exposure
la torre picasso | arde bogotá,La Torre Picasso,Arde Bogotá,2025-09-15,2025-09-15,46,46,46,1,50,50,50,single,1,False,8.076216666666667,1,1,1.0,100.0,2025-09-15,46,0,0.0,0.0,0,0,Stable,0,0.0,New Entry,100.0,485,Established,Short Retention,Weak Entry,Low Priority,Low,Monitor Exit Risk
la vida sin ti | rels b,La Vida Sin Ti,Rels B,2025-04-28,2025-06-29,11,8,47,63,65,82,76,album,13,False,2.7411666666666665,63,63,1.0,100.0,2025-05-02,8,4,0.6943644393241167,-0.028609831029185774,3,36,Stable,11,16.923076923076923,Peak Phase,59.02,345,Established,Long Retention,Moderate Entry,Star Content,Very High,Increase Playlist Exposure
la vida sin ti | rels b & lia kali,La Vida Sin Ti,Rels B & Lia Kali,2025-04-25,2025-04-27,15,15,17,3,58,73,73,single,1,False,2.7411666666666665,3,3,1.0,100.0,2025-04-25,15,0,1.0000000000000047,7.500000000000009,0,2,Declining,15,25.862068965517242,New Entry,50.0,342,Established,Short Retention,Moderate Entry,Low Priority,Low,Monitor Exit Risk
la vuelta | feid,LA VUELTA,Feid,2024-12-02,2024-12-02,48,48,48,1,0,0,0,album,10,False,2.032,1,1,1.0,100.0,2024-12-02,48,0,0.0,0.0,0,0,Stable,0,,New Entry,100.0,198,Established,Short Retention,Weak Entry,Low Priority,Low,Monitor Exit Risk
la última | quevedo,LA ÚLTIMA,Quevedo,2025-02-03,2025-03-23,1,1,43,48,72,84,78,single,1,False,2.8387,49,49,0.9795918367346939,97.95918367346938,2025-02-03,1,0,1.10204081632653,-0.025998697351281415,0,42,Declining,6,8.333333333333332,Decline Phase,46.6,261,Established,Long Retention,Strong Entry,Star Content,Very High,Maintain Current Support
la_original.mp3 | emilia,La_Original.mp3,Emilia,2024-11-04,2025-06-03,24,10,50,202,0,85,79,album,13,False,2.34375,212,212,0.9528301886792453,95.28301886792453,2025-03-08,10,124,0.04180094503825785,0.01791801854988749,14,26,Stable,79,,Peak Phase,91.46,170,Mature,High Retention,Moderate Entry,Hidden Opportunity,High,Maintain Strong Playlist Support
lady madrizzz | céro,lady madrizZz,céro,2024-11-03,2025-03-02,47,8,49,118,67,79,75,single,1,False,2.183666666666667,120,120,0.9833333333333333,98.33333333333333,2024-11-16,8,13,0.30745127255595844,-0.05516417779628195,39,2,Stable,8,11.940298507462686,Peak Phase,75.21,169,Mature,High Retention,Weak Entry,Star Content,Very High,Maintain Strong Playlist Support
laguna | mora,LAGUNA,Mora,2024-08-30,2024-09-02,11,11,28,4,0,76,76,album,15,True,4.109883333333333,4,4,1.0,100.0,2024-08-30,11,0,6.0,23.100000000000005,0,17,Declining,76,,New Entry,14.29,104,Mature,Short Retention,Moderate Entry,Low Priority,Low,Monitor Exit Risk
lala | myke towers,LALA,Myke Towers,2024-06-29,2025-09-24,42,1,49,310,78,99,85,album,23,True,3.2986666666666666,453,453,0.6843267108167771,68.43267108167771,2024-07-05,1,6,0.16441371448596856,-0.03850142443830606,41,7,Stable,7,8.974358974358974,Peak Phase,58.77,42,Developing,High Retention,Weak Entry,Star Content,Very High,Maintain Strong Playlist Support
las babys | aitana,LAS BABYS,Aitana,2024-06-09,2024-08-29,5,4,40,82,63,83,79,single,1,False,2.5637833333333333,82,82,1.0,100.0,2024-06-11,4,2,0.32899075978711595,0.04844309487271555,1,35,Stable,16,25.396825396825395,Peak Phase,75.25,22,Fresh,Long Retention,Strong Entry,Hidden Opportunity,High,Increase Playlist Exposure
las bratz (remix) | aissa & jc reyes & saiko,Las Bratz (Remix),Aissa & JC Reyes & Saiko,2024-05-18,2024-05-27,49,44,47,10,76,76,76,single,1,True,7.410516666666667,10,10,1.0,100.0,2024-05-20,44,2,-0.0060606060606056235,1.6304337637882413e-15,5,-2,Stable,0,0.0,Mature Phase,99.4,0,Fresh,Moderate Retention,Weak Entry,Short-Term Hit,Medium,Increase Playlist Exposure
last christmas - single version | wham!,Last Christmas - Single Version,Wham!,2024-12-23,2024-12-27,49,4,6,5,89,89,89,album,16,False,4.432666666666667,5,5,1.0,100.0,2024-12-25,4,2,-11.000000000000009,-1.3020142963259684e-14,45,-43,Improving,0,0.0,New Entry,8.33,219,Established,Moderate Retention,Weak Entry,Short-Term Hit,Medium,Increase Playlist Exposure
latte (feat. maria becerra) | the academy: segunda misión & sech & dalex,LATTE (feat. Maria Becerra),The Academy: Segunda Misión & Sech & Dalex,2025-03-31,2025-03-31,43,43,43,1,53,53,53,album,9,True,4.342233333333334,1,1,1.0,100.0,2025-03-31,43,0,0.0,0.0,0,0,Stable,0,0.0,New Entry,100.0,317,Established,Short Retention,Weak Entry,Low Priority,Low,Monitor Exit Risk
let it snow! let it snow! let it snow! (with the b. swanson quartet) | frank sinatra,Let It Snow! Let It Snow! Let It Snow! (with The B. Swanson Quartet),Frank Sinatra,2024-12-25,2024-12-25,33,33,33,1,91,91,91,album,14,False,2.590883333333333,1,1,1.0,100.0,2024-12-25,33,0,0.0,0.0,0,0,Stable,0,0.0,New Entry,100.0,221,Established,Short Retention,Weak Entry,Short-Term Hit,Medium,Monitor Exit Risk
let it snow! let it snow! let it snow! | dean martin,Let It Snow! Let It Snow! Let It Snow!,Dean Martin,2024-12-25,2024-12-27,15,15,27,3,95,95,95,album,12,False,1.9524333333333332,3,3,1.0,100.0,2024-12-25,15,0,6.0000000000000036,1.6699649703289975e-15,0,12,Declining,0,0.0,New Entry,14.29,221,Established,Short Retention,Moderate Entry,Short-Term Hit,Medium,Monitor Exit Risk
like i can (feat. aitana) | sam smith & aitana,Like I Can (feat. Aitana),Sam Smith & Aitana,2025-08-10,2025-08-10,42,42,42,1,38,38,38,single,1,False,2.77845,1,1,1.0,100.0,2025-08-10,42,0,0.0,0.0,0,0,Stable,0,0.0,New Entry,100.0,449,Established,Short Retention,Weak Entry,Low Priority,Low,Monitor Exit Risk
lo que no ves de mí | juanjo bona,Lo que no ves de mí,Juanjo Bona,2025-04-18,2025-04-18,38,38,38,1,69,69,69,single,1,False,2.4,1,1,1.0,100.0,2025-04-18,38,0,0.0,0.0,0,0,Stable,0,0.0,New Entry,100.0,335,Established,Short Retention,Weak Entry,Short-Term Hit,Medium,Monitor Exit Risk
lo que tiene | morad & beny jr & rvfv,Lo Que Tiene,Morad & Beny Jr & Rvfv,2025-03-10,2025-11-23,12,5,41,254,61,82,75,single,1,False,4.32,259,259,0.9806949806949807,98.06949806949807,2025-03-13,5,3,0.14636186054515796,-0.012661402676909062,7,29,Stable,14,22.950819672131146,Peak Phase,85.55,296,Established,High Retention,Moderate Entry,Hidden Opportunity,High,Maintain Strong Playlist Support
lokita | mora,LOKITA,Mora,2024-08-30,2024-09-02,13,13,39,4,0,75,75,album,15,True,2.5692333333333335,4,4,1.0,100.0,2024-08-30,13,0,9.300000000000002,22.800000000000008,0,26,Declining,75,,New Entry,9.71,104,Mature,Short Retention,Moderate Entry,Low Priority,Low,Monitor Exit Risk
lollipop | darell,Lollipop,Darell,2024-10-02,2025-01-17,43,1,50,105,64,95,90,album,18,True,3.3324333333333334,108,108,0.9722222222222222,97.22222222222221,2024-10-21,1,19,0.449875596102011,0.11378809869375862,42,7,Stable,26,40.625,Peak Phase,67.06,137,Mature,High Retention,Weak Entry,Star Content,Very High,Maintain Strong Playlist Support
los del espacio | lit killah,Los del Espacio,LIT killah,2024-06-04,2025-02-16,16,2,50,257,72,95,85,single,1,False,5.633333333333334,258,258,0.9961240310077519,99.6124031007752,2024-06-09,2,5,0.1980597061351914,-0.03295940412632339,14,34,Stable,13,18.055555555555554,Peak Phase,83.14,17,Fresh,High Retention,Moderate Entry,Star Content,Very High,Maintain Strong Playlist Support
los días contados | quevedo,LOS DÍAS CONTADOS,Quevedo,2025-11-24,2025-11-27,4,4,6,4,64,70,70,album,18,False,2.69905,4,4,1.0,100.0,2025-11-24,4,0,0.5000000000000001,2.0000000000000053,0,2,Stable,6,9.375,New Entry,66.67,555,Established,Short Retention,Strong Entry,Short-Term Hit,Medium,Monitor Exit Risk
los pits | bad bunny,LOS PITS,Bad Bunny,2024-10-14,2024-10-20,20,20,50,7,0,85,85,album,22,True,4.18085,7,7,1.0,100.0,2024-10-14,20,0,5.107142857142857,9.714285714285715,0,30,Declining,85,,New Entry,16.37,149,Mature,Moderate Retention,Moderate Entry,Low Priority,Low,Maintain Current Support
los ángeles | aitana,Los Ángeles,Aitana,2024-05-18,2024-08-05,20,20,44,80,84,84,81,single,1,False,2.641383333333333,80,80,1.0,100.0,2024-05-18,20,0,0.27085091420534474,-0.020991561181434006,0,24,Stable,-3,-3.571428571428571,Mature Phase,78.69,0,Fresh,Long Retention,Moderate Entry,Star Content,Very High,Maintain Current Support
luces de tecno | feid,LUCES DE TECNO,Feid,2024-09-30,2025-02-03,7,7,46,124,0,82,80,album,15,False,2.7297666666666665,127,127,0.9763779527559056,97.63779527559055,2024-09-30,7,0,0.18868922108575917,0.10020141620771038,0,39,Stable,80,,Peak Phase,82.14,135,Mature,High Retention,Strong Entry,Hidden Opportunity,High,Maintain Strong Playlist Support
luchas mentales | eladio carrion,Luchas Mentales,Eladio Carrion,2025-01-21,2025-01-21,43,43,43,1,66,66,66,album,17,False,2.7805833333333334,1,1,1.0,100.0,2025-01-21,43,0,0.0,0.0,0,0,Stable,0,0.0,New Entry,100.0,248,Established,Short Retention,Weak Entry,Short-Term Hit,Medium,Monitor Exit Risk
luna llena | beny jr,Luna llena,Beny Jr,2025-07-31,2025-11-27,40,4,26,119,69,77,76,album,13,False,2.830766666666667,120,120,0.9916666666666667,99.16666666666667,2025-10-14,4,75,-0.1189502919811994,0.04083463894032171,36,-14,Stable,7,10.144927536231885,Peak Phase,88.62,439,Established,High Retention,Weak Entry,Star Content,Very High,Maintain Strong Playlist Support
luna | feid,LUNA,Feid,2024-12-02,2025-11-27,28,2,50,357,0,97,88,album,10,False,3.28,361,361,0.9889196675900277,98.89196675900277,2025-01-11,2,40,0.05125306666511937,-0.006520767870264016,26,22,Stable,88,,Peak Phase,94.07,198,Established,High Retention,Weak Entry,Hidden Opportunity,High,Maintain Strong Playlist Support
luna | saiko,LUNA,SAIKO,2025-04-28,2025-05-09,9,9,47,12,61,70,70,album,16,False,4.015383333333333,12,12,1.0,100.0,2025-04-28,9,0,3.4160839160839154,0.7447552447552441,0,38,Declining,9,14.754098360655737,Decline Phase,22.64,345,Established,Moderate Retention,Strong Entry,Low Priority,Low,Maintain Current Support
lunch | billie eilish,LUNCH,Billie Eilish,2025-05-19,2025-05-30,34,20,44,12,62,95,95,album,10,False,2.9931,12,12,1.0,100.0,2025-05-25,20,6,-0.27272727272727315,1.972027972027972,14,10,Stable,33,53.2258064516129,Mature Phase,78.57,366,Established,Moderate Retention,Weak Entry,Low Priority,Low,Increase Playlist Exposure
m.a.i | milo j,M.A.I,Milo j,2025-01-17,2025-04-30,40,4,50,100,82,89,86,album,9,False,3.0671166666666667,104,104,0.9615384615384616,96.15384615384616,2025-01-31,4,14,0.2736513651365136,0.09644764476447633,36,10,Stable,4,4.878048780487805,Peak Phase,75.49,244,Established,High Retention,Weak Entry,Star Content,Very High,Maintain Strong Playlist Support
ma meilleure ennemie (from the series arcane league of legends) | stromae & pomme & arcane,Ma Meilleure Ennemie (from the series Arcane League of Legends),Stromae & Pomme & Arcane,2025-11-27,2025-11-27,38,38,38,1,77,77,77,single,1,False,2.4662166666666665,1,1,1.0,100.0,2025-11-27,38,0,0.0,0.0,0,0,Stable,0,0.0,New Entry,100.0,558,Established,Short Retention,Weak Entry,Short-Term Hit,Medium,Monitor Exit Risk
madrid city | ana mena,Madrid City,Ana Mena,2024-09-30,2025-04-15,16,13,49,181,0,79,77,single,1,False,2.8787833333333332,198,198,0.9141414141414141,91.41414141414141,2025-01-03,13,95,0.0766417744318297,0.04050958249853302,3,33,Stable,77,,Mature Phase,84.91,135,Mature,High Retention,Moderate Entry,Hidden Opportunity,High,Maintain Strong Playlist Support
mal de amores | natos y waor & israel b,Mal de amores,Natos y Waor & Israel B,2025-02-11,2025-02-17,45,29,40,4,56,64,64,single,1,False,4.2511833333333335,7,7,0.5714285714285714,57.14285714285714,2025-02-15,29,4,-0.7000000000000004,2.499999999999993,16,-5,Stable,8,14.285714285714285,New Entry,33.61,269,Established,Moderate Retention,Weak Entry,Low Priority,Low,Increase Playlist Exposure
mala suerte | lola indigo & dellafuente,MALA SUERTE,Lola Indigo & DELLAFUENTE,2024-09-03,2024-09-09,36,32,44,7,59,69,69,single,1,False,3.5857,7,7,1.0,100.0,2024-09-06,32,3,0.6428571428571425,1.607142857142857,4,8,Stable,10,16.94915254237288,New Entry,60.87,108,Mature,Moderate Retention,Weak Entry,Low Priority,Low,Increase Playlist Exposure
malicia | dellafuente,Malicia,DELLAFUENTE,2025-06-16,2025-06-21,29,29,49,6,25,50,50,album,10,False,2.9583333333333335,6,6,1.0,100.0,2025-06-16,29,0,3.6285714285714286,3.9428571428571413,0,20,Declining,25,100.0,New Entry,21.6,394,Established,Moderate Retention,Weak Entry,Low Priority,Low,Maintain Current Support
mama's boy | eladio carrion,Mama's Boy,Eladio Carrion,2025-01-21,2025-01-21,34,34,34,1,66,66,66,album,17,False,3.7045333333333335,1,1,1.0,100.0,2025-01-21,34,0,0.0,0.0,0,0,Stable,0,0.0,New Entry,100.0,248,Established,Short Retention,Weak Entry,Short-Term Hit,Medium,Monitor Exit Risk
mamasota | manuel turizo & yandel,Mamasota,Manuel Turizo & Yandel,2025-03-15,2025-03-15,50,50,50,1,78,78,78,single,1,False,3.607066666666667,1,1,1.0,100.0,2025-03-15,50,0,0.0,0.0,0,0,Stable,0,0.0,New Entry,100.0,301,Established,Short Retention,Weak Entry,Short-Term Hit,Medium,Monitor Exit Risk
mami chula | jhayco & quevedo,Mami Chula,Jhayco & Quevedo,2024-05-18,2024-09-18,6,6,48,118,85,86,80,single,1,False,3.6766666666666667,124,124,0.9516129032258065,95.16129032258065,2024-05-18,6,0,0.30410599702723334,-0.05598954053590159,0,42,Stable,-5,-5.88235294117647,Peak Phase,72.97,0,Fresh,High Retention,Strong Entry,Star Content,Very High,Maintain Strong Playlist Support
mamichula - con nicki nicole | trueno,Mamichula - con Nicki Nicole,Trueno,2025-02-18,2025-04-05,49,7,50,44,83,89,86,album,10,False,3.65335,47,47,0.9361702127659575,93.61702127659575,2025-03-04,7,14,0.7124735729386892,0.047357293868922776,42,1,Stable,3,3.614457831325301,Peak Phase,54.67,276,Established,Long Retention,Weak Entry,Star Content,Very High,Increase Playlist Exposure
manos rotas | dellafuente & morad,Manos Rotas,DELLAFUENTE & Morad,2024-11-18,2025-11-23,13,1,42,329,44,85,72,single,1,False,2.8099,371,371,0.8867924528301887,88.67924528301887,2024-11-29,1,11,0.18040591997519873,-0.03470066518846997,12,29,Stable,28,63.63636363636363,Peak Phase,75.13,184,Established,High Retention,Moderate Entry,Hidden Opportunity,High,Maintain Strong Playlist Support
maquillaje - remix | refracted arg,Maquillaje - Remix,refracted arg,2025-04-21,2025-04-24,32,32,33,4,0,52,52,album,7,False,3.4557,4,4,1.0,100.0,2025-04-21,32,0,1.2000000000000055,16.7,0,1,Declining,52,,New Entry,45.45,338,Established,Short Retention,Weak Entry,Low Priority,Low,Monitor Exit Risk
maquillaje - remix | renn & myke towers & nio garcia,Maquillaje - Remix,Renn & Myke Towers & Nio Garcia,2025-07-10,2025-07-14,37,25,25,4,75,76,76,single,1,True,4.7713833333333335,5,5,0.8,80.0,2025-07-14,25,4,-3.599999999999998,0.2999999999999958,12,-12,Improving,1,1.3333333333333335,New Entry,17.39,418,Established,Moderate Retention,Weak Entry,Short-Term Hit,Medium,Increase Playlist Exposure
maquillaje | renn & yexel,Maquillaje,Renn & Yexel,2025-03-21,2025-06-02,50,18,38,65,2,83,83,single,1,True,3.5328166666666667,74,74,0.8783783783783784,87.83783783783784,2025-04-08,18,18,0.0204982517482518,0.4149912587412587,32,-12,Stable,81,4050.0,Mature Phase,86.07,307,Established,Long Retention,Weak Entry,Hidden Opportunity,High,Increase Playlist Exposure
marea | mora,MAREA,Mora,2024-08-30,2024-08-31,24,24,49,2,0,69,69,album,15,True,2.4680333333333335,2,2,1.0,100.0,2024-08-30,24,0,24.99999999999999,68.99999999999999,0,25,Declining,69,,New Entry,3.85,104,Mature,Short Retention,Moderate Entry,Low Priority,Low,Monitor Exit Risk
martini | dei v,Martini,Dei V,2025-05-02,2025-11-23,40,7,50,150,65,76,72,single,1,True,2.7394166666666666,206,206,0.7281553398058253,72.81553398058253,2025-06-17,7,46,0.18825903373483263,0.009531090270678179,33,10,Stable,7,10.76923076923077,Peak Phase,61.28,349,Established,High Retention,Weak Entry,Star Content,Very High,Maintain Strong Playlist Support
me has invitado a bailar | dani fernández,Me has invitado a bailar,Dani Fernández,2025-09-04,2025-11-27,47,15,36,85,63,71,65,single,1,False,3.2151,85,85,1.0,100.0,2025-10-31,15,57,-0.12032440883330077,-0.12345124096150141,32,-11,Stable,2,3.1746031746031744,Mature Phase,89.26,474,Established,High Retention,Weak Entry,Hidden Opportunity,High,Maintain Strong Playlist Support
media luna | mora,MEDIA LUNA,Mora,2024-08-30,2024-09-21,5,5,50,14,0,81,81,album,15,False,2.2491333333333334,23,23,0.6086956521739131,60.86956521739131,2024-08-30,5,0,3.6373626373626378,2.637362637362635,0,45,Declining,81,,Decline Phase,13.13,104,Mature,Long Retention,Strong Entry,Hidden Opportunity,High,Maintain Current Support
mejor así | myke towers,MEJOR ASÍ,Myke Towers,2025-08-24,2025-08-24,37,37,37,1,0,0,0,album,20,True,3.658,1,1,1.0,100.0,2025-08-24,37,0,0.0,0.0,0,0,Stable,0,,New Entry,100.0,463,Established,Short Retention,Weak Entry,Low Priority,Low,Monitor Exit Risk
memorias | mora,MEMORIAS,Mora,2024-05-18,2024-05-27,43,39,43,10,82,82,82,album,15,False,3.8125,10,10,1.0,100.0,2024-05-23,39,5,0.11515151515151507,4.03636189246893e-15,4,0,Stable,0,0.0,Mature Phase,89.67,0,Fresh,Moderate Retention,Weak Entry,Short-Term Hit,Medium,Increase Playlist Exposure
mencionar | eladio carrion,Mencionar,Eladio Carrion,2025-01-21,2025-01-21,42,42,42,1,66,66,66,album,17,False,2.3636333333333335,1,1,1.0,100.0,2025-01-21,42,0,0.0,0.0,0,0,Stable,0,0.0,New Entry,100.0,248,Established,Short Retention,Weak Entry,Short-Term Hit,Medium,Monitor Exit Risk
mercedes carota | bad bunny,MERCEDES CAROTA,Bad Bunny,2024-10-14,2024-10-21,17,17,49,8,0,86,86,album,22,True,3.37725,8,8,1.0,100.0,2024-10-14,17,0,4.82142857142857,7.797619047619045,0,32,Declining,86,,Decline Phase,17.18,149,Mature,Moderate Retention,Moderate Entry,Low Priority,Low,Maintain Current Support
mercho | lil cake & migrantes,MERCHO,LiL CaKe & Migrantes,2024-05-18,2024-08-29,25,21,47,104,90,90,86,single,1,False,2.69085,104,104,1.0,100.0,2024-05-29,21,11,0.18706924143817347,-0.04498559692734463,4,22,Stable,-4,-4.444444444444445,Mature Phase,84.24,0,Fresh,High Retention,Moderate Entry,Star Content,Very High,Maintain Strong Playlist Support
mi cuarto | tiago pzk & rels b,Mi Cuarto,Tiago PZK & Rels B,2025-10-27,2025-10-27,46,46,46,1,58,58,58,single,1,False,2.1948,1,1,1.0,100.0,2025-10-27,46,0,0.0,0.0,0,0,Stable,0,0.0,New Entry,100.0,527,Established,Short Retention,Weak Entry,Low Priority,Low,Monitor Exit Risk
mi droga | myke towers,MI DROGA,Myke Towers,2024-05-18,2024-05-20,46,46,50,3,81,81,80,album,23,True,2.720666666666667,3,3,1.0,100.0,2024-05-18,46,0,1.999999999999997,-0.4999999999999993,0,4,Declining,-1,-1.2345679012345678,New Entry,33.33,0,Fresh,Short Retention,Weak Entry,Short-Term Hit,Medium,Monitor Exit Risk
mi ex tenía razón | karol g,MI EX TENÍA RAZÓN,KAROL G,2024-08-13,2025-07-31,16,16,47,22,62,85,85,album,9,False,2.5729,353,353,0.06232294617563739,6.232294617563739,2024-08-13,16,0,1.100508187464709,0.9271597967250138,0,31,Declining,23,37.096774193548384,Decline Phase,2.97,87,Developing,High Retention,Moderate Entry,Hidden Opportunity,High,Maintain Strong Playlist Support
mi lova | bad gyal & myke towers,Mi Lova,Bad Gyal & Myke Towers,2024-07-09,2024-08-18,14,14,50,41,0,80,79,single,1,True,3.66955,41,41,1.0,100.0,2024-07-09,14,0,0.6756097560975609,0.38641114982578434,0,36,Stable,79,,Mature Phase,59.68,52,Developing,Long Retention,Moderate Entry,Hidden Opportunity,High,Maintain Current Support
mi luz (ft. rels b) | rvfv,Mi Luz (ft. Rels B),Rvfv,2024-10-23,2025-10-18,50,32,50,172,80,81,75,album,15,False,2.8,361,361,0.47645429362880887,47.64542936288089,2025-10-11,32,353,-0.009152805390273524,-0.039991934399785184,18,0,Stable,-5,-6.25,Mature Phase,47.21,158,Mature,High Retention,Weak Entry,Star Content,Very High,Maintain Strong Playlist Support
mi nena remix | maikel delacalle & quevedo,Mi Nena Remix,Maikel Delacalle & Quevedo,2024-05-18,2024-06-10,28,26,39,24,82,82,81,single,1,False,3.6666666666666665,24,24,1.0,100.0,2024-05-19,26,1,0.48869565217391325,-0.03478260869565538,2,11,Stable,-1,-1.2195121951219512,Mature Phase,67.17,0,Fresh,Long Retention,Weak Entry,Star Content,Very High,Increase Playlist Exposure
miamor | aitana,miamor,Aitana,2024-09-24,2024-09-26,34,34,37,3,31,55,55,album,15,False,2.656,3,3,1.0,100.0,2024-09-24,34,0,1.4999999999999971,11.999999999999996,0,3,Declining,24,77.41935483870968,New Entry,40.0,129,Mature,Short Retention,Weak Entry,Low Priority,Low,Monitor Exit Risk
miamor | aitana & rels b,miamor,Aitana & Rels B,2024-08-26,2024-09-23,4,4,43,29,46,79,78,single,1,False,2.656,29,29,1.0,100.0,2024-08-26,4,0,1.2034482758620695,0.44433497536946076,0,39,Declining,32,69.56521739130434,Decline Phase,45.38,100,Mature,Long Retention,Strong Entry,Hidden Opportunity,High,Maintain Current Support
mientras me curo del cora | karol g,MIENTRAS ME CURO DEL CORA,KAROL G,2025-07-24,2025-08-02,47,37,50,10,81,82,82,album,17,False,2.7397666666666667,10,10,1.0,100.0,2025-07-28,37,4,0.6727272727272733,0.12727272727272604,10,3,Stable,1,1.2345679012345678,Mature Phase,59.78,432,Established,Moderate Retention,Weak Entry,Short-Term Hit,Medium,Increase Playlist Exposure
mil mujeres | rauw alejandro,Mil Mujeres,Rauw Alejandro,2025-11-17,2025-11-17,36,36,36,1,65,65,65,album,18,True,2.815366666666667,1,1,1.0,100.0,2025-11-17,36,0,0.0,0.0,0,0,Stable,0,0.0,New Entry,100.0,548,Established,Short Retention,Weak Entry,Short-Term Hit,Medium,Monitor Exit Risk
"milo j: bzrp music sessions, vol. 57 | bizarrap & milo j","Milo J: Bzrp Music Sessions, Vol. 57",Bizarrap & Milo j,2024-10-07,2025-02-10,1,1,50,59,74,89,83,single,1,False,3.165016666666667,127,127,0.4645669291338583,46.45669291338583,2024-10-07,1,0,0.823261250730567,0.030333138515487995,0,49,Declining,9,12.162162162162163,Decline Phase,25.48,142,Mature,High Retention,Strong Entry,Star Content,Very High,Maintain Strong Playlist Support
"milo j: bzrp music sessions, vol. 57 | paul thin","Milo J: Bzrp Music Sessions, Vol. 57",Paul Thin,2025-02-01,2025-02-02,39,39,50,2,56,56,56,single,1,False,2.5504,2,2,1.0,100.0,2025-02-01,39,0,10.999999999999993,-1.360130541437666e-14,0,11,Declining,0,0.0,New Entry,8.33,259,Established,Short Retention,Weak Entry,Low Priority,Low,Monitor Exit Risk
mirame | blessd & ovy on the drums,Mirame,Blessd & Ovy On The Drums,2025-07-15,2025-07-30,31,13,29,16,84,88,88,single,1,True,2.624216666666667,16,16,1.0,100.0,2025-07-19,13,4,0.6411764705882368,0.261764705882355,18,-2,Stable,4,4.761904761904762,Mature Phase,60.93,423,Established,Long Retention,Weak Entry,Star Content,Very High,Increase Playlist Exposure
mis tías | juanjo bona,Mis Tías,Juanjo Bona,2025-07-21,2025-07-23,44,44,47,2,58,62,62,single,1,False,2.64,3,3,0.6666666666666666,66.66666666666666,2025-07-21,44,0,2.999999999999995,3.99999999999999,0,3,Declining,4,6.896551724137931,New Entry,16.67,429,Established,Short Retention,Weak Entry,Low Priority,Low,Monitor Exit Risk
modelito | mora,MODELITO,Mora,2024-09-09,2025-06-17,50,4,42,279,80,85,72,album,14,True,3.174933333333333,282,282,0.9893617021276596,98.93617021276596,2024-11-12,4,64,0.12125838499707148,-0.025546751538861014,46,-8,Stable,-8,-10.0,Peak Phase,88.24,114,Mature,High Retention,Weak Entry,Star Content,Very High,Maintain Strong Playlist Support
mojabi ghost | tainy,MOJABI GHOST,Tainy,2024-07-02,2024-08-03,6,6,50,33,78,94,93,album,19,True,3.86885,33,33,1.0,100.0,2024-07-02,6,0,1.232620320855615,0.32185828877005296,0,44,Declining,15,19.230769230769234,Decline Phase,44.79,45,Developing,Long Retention,Strong Entry,Star Content,Very High,Maintain Current Support
monaco | bad bunny,MONACO,Bad Bunny,2024-10-14,2025-01-12,1,1,50,78,0,98,95,album,22,True,4.453233333333333,91,91,0.8571428571428571,85.71428571428571,2024-10-14,1,0,0.7413978426636654,0.10647580267833467,0,49,Stable,95,,Peak Phase,49.22,149,Mature,High Retention,Strong Entry,Hidden Opportunity,High,Maintain Strong Playlist Support
mr. moondial | quevedo,MR. MOONDIAL,Quevedo,2025-11-24,2025-11-27,6,5,5,4,63,70,70,album,18,False,2.7627,4,4,1.0,100.0,2025-11-25,5,1,-0.19999999999999962,2.199999999999993,1,-1,Stable,7,11.11111111111111,New Entry,83.33,555,Established,Short Retention,Strong Entry,Low Priority,Low,Increase Playlist Exposure
mr. october | bad bunny,MR. OCTOBER,Bad Bunny,2024-10-14,2024-10-21,7,7,46,8,0,88,88,album,22,True,3.1543,8,8,1.0,100.0,2024-10-14,7,0,5.4642857142857135,7.9166666666666625,0,39,Declining,88,,Decline Phase,15.47,149,Mature,Moderate Retention,Strong Entry,Low Priority,Low,Maintain Current Support
my love | de la ghetto & quevedo,My Love,De La Ghetto & Quevedo,2024-06-04,2024-07-01,42,36,49,27,60,78,78,single,1,False,3.5687166666666665,28,28,0.9642857142857143,96.42857142857143,2024-06-15,36,11,0.06349206349206339,0.5244200244200249,6,7,Stable,18,30.0,Mature Phase,90.67,17,Fresh,Long Retention,Weak Entry,Hidden Opportunity,High,Increase Playlist Exposure
m€ntiras | cruz cafuné,m€ntiras,Cruz Cafuné,2025-07-21,2025-07-21,43,43,43,1,54,54,54,single,6,True,2.530683333333333,1,1,1.0,100.0,2025-07-21,43,0,0.0,0.0,0,0,Stable,0,0.0,New Entry,100.0,429,Established,Short Retention,Weak Entry,Low Priority,Low,Monitor Exit Risk
nadie sabe | bad bunny,NADIE SABE,Bad Bunny,2024-10-14,2024-10-28,3,3,46,15,0,89,89,album,22,True,6.317633333333333,15,15,1.0,100.0,2024-10-14,3,0,3.339285714285714,2.6178571428571447,0,43,Declining,89,,Decline Phase,23.05,149,Mature,Moderate Retention,Strong Entry,Hidden Opportunity,High,Maintain Current Support
nana del hilo rojo | saiko,NANA DEL HILO ROJO,SAIKO,2025-04-28,2025-05-02,16,16,47,5,61,68,68,album,16,False,2.73155,5,5,1.0,100.0,2025-04-28,16,0,6.799999999999998,1.7999999999999934,0,31,Declining,7,11.475409836065573,New Entry,12.82,345,Established,Moderate Retention,Moderate Entry,Low Priority,Low,Maintain Current Support
narcotics (with bryant myers) | dei v & bryant myers,Narcotics (with Bryant Myers),Dei V & Bryant Myers,2024-10-04,2025-06-11,35,15,50,188,75,85,74,single,1,True,2.89985,251,251,0.749003984063745,74.9003984063745,2024-12-28,15,85,-0.007256545429261236,0.0119431396027142,20,15,Stable,-1,-1.3333333333333335,Mature Phase,74.36,139,Mature,High Retention,Weak Entry,Star Content,Very High,Maintain Strong Playlist Support
"natanael cano: bzrp music sessions, vol. 59 | bizarrap & natanael cano","Natanael Cano: Bzrp Music Sessions, Vol. 59",Bizarrap & Natanael Cano,2025-04-06,2025-04-13,34,32,47,8,70,83,83,single,1,True,2.598133333333333,8,8,1.0,100.0,2025-04-07,32,1,1.5595238095238084,1.9166666666666634,2,13,Declining,13,18.571428571428573,Decline Phase,39.07,323,Established,Moderate Retention,Weak Entry,Short-Term Hit,Medium,Increase Playlist Exposure
new woman (feat. rosalía) | lisa & rosalía,New Woman (feat. ROSALÍA),LISA & ROSALÍA,2025-08-17,2025-08-30,15,15,49,14,0,91,91,single,1,False,2.9964833333333334,14,14,1.0,100.0,2025-08-17,15,0,2.571428571428571,3.186813186813185,0,34,Declining,91,,Decline Phase,28.0,456,Established,Moderate Retention,Moderate Entry,Low Priority,Low,Maintain Current Support
ni me conozco | rauw alejandro,Ni Me Conozco,Rauw Alejandro,2025-11-17,2025-11-22,26,26,50,6,66,75,75,album,18,True,3.8297833333333333,6,6,1.0,100.0,2025-11-17,26,0,3.7999999999999985,1.7714285714285682,0,24,Declining,9,13.636363636363635,New Entry,20.83,548,Established,Moderate Retention,Weak Entry,Short-Term Hit,Medium,Maintain Current Support
niña bonita | feid & sean paul,Niña Bonita,Feid & Sean Paul,2024-05-18,2024-08-08,14,13,49,83,88,90,88,single,1,False,3.12755,83,83,1.0,100.0,2024-05-19,13,1,0.25672725746190334,0.005898157088283015,1,35,Stable,0,0.0,Mature Phase,79.57,0,Fresh,High Retention,Moderate Entry,Star Content,Very High,Maintain Strong Playlist Support
no digas na | feid & yandel,No Digas Na,Feid & Yandel,2025-04-17,2025-04-20,50,48,49,4,71,74,74,single,5,False,3.4731,4,4,1.0,100.0,2025-04-18,48,1,-0.3000000000000016,1.0000000000000084,2,-1,Stable,3,4.225352112676056,New Entry,76.92,334,Established,Short Retention,Weak Entry,Short-Term Hit,Medium,Increase Playlist Exposure
no estuviste en lo malo - remix | morad & beny jr & dellafuente,No Estuviste En Lo Malo - REMIX,Morad & Beny Jr & DELLAFUENTE,2024-10-07,2025-01-31,12,12,50,112,63,78,77,single,1,False,4.472,117,117,0.9572649572649573,95.72649572649573,2024-10-07,12,0,0.12829295793897547,0.026232616940581578,0,38,Stable,14,22.22222222222222,Mature Phase,84.84,142,Mature,High Retention,Moderate Entry,Hidden Opportunity,High,Maintain Strong Playlist Support
no estuviste en lo malo | morad,No Estuviste En Lo Malo,Morad,2024-05-18,2024-06-23,47,46,50,11,67,77,77,album,19,False,4.128,37,37,0.2972972972972973,29.72972972972973,2024-05-31,46,13,0.06363636363636603,0.8545454545454557,1,3,Stable,10,14.925373134328357,Mature Phase,27.95,0,Fresh,Long Retention,Weak Entry,Star Content,Very High,Increase Playlist Exposure
no has cambiado | baby rasta & noriel & hades66,No Has Cambiado,Baby Rasta & Noriel & Hades66,2025-10-13,2025-11-27,45,11,40,24,64,71,71,single,1,True,4.606733333333334,46,46,0.5217391304347826,52.17391304347826,2025-10-15,11,2,0.2569565217391294,0.24086956521739028,34,-5,Stable,7,10.9375,Mature Phase,41.51,513,Established,Long Retention,Weak Entry,Star Content,Very High,Increase Playlist Exposure
no me quiero casar | bad bunny,NO ME QUIERO CASAR,Bad Bunny,2024-10-14,2024-10-19,22,22,49,6,0,84,84,album,22,True,3.7609,6,6,1.0,100.0,2024-10-14,22,0,4.914285714285713,12.514285714285707,0,27,Declining,84,,New Entry,16.91,149,Mature,Moderate Retention,Moderate Entry,Low Priority,Low,Maintain Current Support
no pienso llamar | soge culebra,NO PIENSO LLAMAR,Soge Culebra,2024-10-14,2025-03-02,41,7,50,140,0,73,69,album,13,False,3.3058666666666667,140,140,1.0,100.0,2024-12-23,7,70,0.15112724410137543,0.11346351490236375,34,9,Stable,69,,Peak Phase,86.87,149,Mature,High Retention,Weak Entry,Hidden Opportunity,High,Maintain Strong Playlist Support
no pienso llamar | soge culebra & quevedo & garabatto,NO PIENSO LLAMAR,Soge Culebra & Quevedo & GARABATTO,2024-10-07,2024-10-13,16,16,19,7,43,72,72,single,1,False,3.3058666666666667,7,7,1.0,100.0,2024-10-07,16,0,-0.6071428571428562,3.857142857142857,0,3,Stable,29,67.44186046511628,New Entry,62.22,142,Mature,Moderate Retention,Moderate Entry,Low Priority,Low,Maintain Current Support
no soy eterno | bizarrap & milo j,No soy Eterno,Bizarrap & Milo j,2024-10-07,2024-10-13,42,27,45,7,67,80,80,single,5,False,2.5244666666666666,7,7,1.0,100.0,2024-10-10,27,3,-0.4642857142857166,2.035714285714285,15,3,Stable,13,19.402985074626866,New Entry,68.29,142,Mature,Moderate Retention,Weak Entry,Short-Term Hit,Medium,Increase Playlist Exposure
no te quieren conmigo - remix | gaby music & anuel aa & luar la l,No Te Quieren Conmigo - Remix,Gaby Music & Anuel AA & Luar La L,2025-04-07,2025-04-27,17,17,47,21,62,77,77,single,1,False,5.470433333333333,21,21,1.0,100.0,2025-04-07,17,0,0.8701298701298704,0.6545454545454542,0,30,Declining,15,24.193548387096776,Decline Phase,53.47,324,Established,Long Retention,Moderate Entry,Hidden Opportunity,High,Maintain Current Support
no te quieren conmigo | gaby music & lunay & luar la l,No Te Quieren Conmigo,Gaby Music & Lunay & Luar La L,2024-12-20,2025-04-10,50,4,43,110,67,89,84,single,1,False,4.200666666666667,112,112,0.9821428571428571,98.21428571428571,2025-01-10,4,21,0.13310190924869822,0.09005702950657164,46,-7,Stable,17,25.37313432835821,Peak Phase,86.68,216,Established,High Retention,Weak Entry,Star Content,Very High,Maintain Strong Playlist Support
no_se_ve.mp3 | emilia,No_Se_Ve.mp3,Emilia,2024-11-04,2025-02-09,39,32,48,75,0,77,76,album,13,False,3.3939333333333335,98,98,0.7653061224489796,76.53061224489795,2024-11-05,32,1,0.131379800853485,0.22779516358463742,7,9,Stable,76,,Mature Phase,67.64,170,Mature,High Retention,Weak Entry,Hidden Opportunity,High,Maintain Strong Playlist Support
no_se_ve.mp3 | emilia & ludmilla & zecca,No_se_ve.mp3,Emilia & LUDMILLA & ZECCA,2024-06-08,2024-11-03,47,13,49,134,83,89,84,single,1,True,3.3939333333333335,149,149,0.8993288590604027,89.93288590604027,2024-08-25,13,78,0.057442112744547906,-0.014107407823040655,34,2,Stable,1,1.2048192771084338,Mature Phase,85.05,21,Fresh,High Retention,Weak Entry,Star Content,Very High,Maintain Strong Playlist Support
nochentera | vicco,Nochentera,Vicco,2024-05-18,2025-01-09,11,9,49,156,81,83,75,single,1,False,3.3697333333333335,237,237,0.6582278481012658,65.82278481012658,2024-05-27,9,9,0.20106683946831883,-0.04142498142909095,2,38,Stable,-6,-7.4074074074074066,Peak Phase,54.8,0,Fresh,High Retention,Moderate Entry,Star Content,Very High,Maintain Strong Playlist Support
noemú | quevedo,NOEMÚ,Quevedo,2025-11-24,2025-11-27,15,15,23,4,61,67,67,album,18,False,3.4485,4,4,1.0,100.0,2025-11-24,15,0,2.4000000000000026,1.9000000000000046,0,8,Declining,6,9.836065573770492,New Entry,29.41,555,Established,Short Retention,Moderate Entry,Low Priority,Low,Monitor Exit Risk
nueva era | duki,Nueva Era,Duki,2025-11-03,2025-11-27,8,3,30,25,66,83,83,album,15,True,3.625783333333333,25,25,1.0,100.0,2025-11-08,3,5,0.936153846153846,0.5276923076923069,5,22,Declining,17,25.757575757575758,Decline Phase,51.65,534,Established,Long Retention,Strong Entry,Star Content,Very High,Increase Playlist Exposure
número telefónico | saiko,NÚMERO TELEFÓNICO,SAIKO,2025-04-28,2025-05-09,14,14,49,12,61,72,72,album,16,True,3.1666666666666665,12,12,1.0,100.0,2025-04-28,14,0,2.888111888111888,0.8986013986013991,0,35,Declining,11,18.0327868852459,Decline Phase,25.72,345,Established,Moderate Retention,Moderate Entry,Low Priority,Low,Maintain Current Support
oa | anuel aa & quevedo & maluma,OA,Anuel AA & Quevedo & Maluma,2024-10-16,2025-04-27,8,3,45,192,72,88,83,single,1,True,3.92,194,194,0.9896907216494846,98.96907216494846,2024-11-11,3,26,0.22694080107424783,-0.006981933103653856,5,37,Stable,11,15.277777777777779,Peak Phase,80.66,151,Mature,High Retention,Strong Entry,Star Content,Very High,Maintain Strong Playlist Support
obvio | myke towers,OBVIO,Myke Towers,2024-11-25,2024-11-25,25,25,25,1,0,0,0,album,23,True,2.70745,1,1,1.0,100.0,2024-11-25,25,0,0.0,0.0,0,0,Stable,0,,New Entry,100.0,191,Established,Short Retention,Moderate Entry,Low Priority,Low,Monitor Exit Risk
offline | young miko,offline,Young Miko,2025-04-07,2025-06-15,26,16,48,69,64,88,81,album,16,False,3.3655833333333334,70,70,0.9857142857142858,98.57142857142858,2025-04-09,16,2,0.4270003653635369,0.14957983193277433,10,22,Stable,17,26.5625,Mature Phase,69.08,324,Established,Long Retention,Weak Entry,Star Content,Very High,Increase Playlist Exposure
ohnana | kapo,Ohnana,Kapo,2025-07-04,2025-11-27,40,2,34,145,71,89,84,single,1,False,2.6096166666666667,147,147,0.9863945578231292,98.63945578231292,2025-08-01,2,28,0.07883010549519762,0.03288852149267811,38,-6,Stable,13,18.30985915492958,Peak Phase,91.43,412,Established,High Retention,Weak Entry,Star Content,Very High,Maintain Strong Playlist Support
omega (feat. ralphie choo) | rosalía,Omega (feat. Ralphie Choo),ROSALÍA,2025-09-27,2025-10-10,3,3,49,14,63,73,73,single,1,False,2.825,14,14,1.0,100.0,2025-09-27,3,0,3.4593406593406604,0.6571428571428554,0,46,Declining,10,15.873015873015872,Decline Phase,22.42,497,Established,Moderate Retention,Strong Entry,Low Priority,Low,Maintain Current Support
orgullosa de papá | cano,Orgullosa De Papá,Cano,2025-11-01,2025-11-23,48,45,45,6,50,59,59,album,10,False,2.9029,23,23,0.2608695652173913,26.08695652173913,2025-11-16,45,15,-0.6571428571428588,1.7142857142857144,3,-3,Stable,9,18.0,New Entry,15.74,532,Established,Long Retention,Weak Entry,Hidden Opportunity,High,Increase Playlist Exposure
otra noche (feat. darell) | myke towers,OTRA NOCHE (feat. Darell),Myke Towers,2025-08-24,2025-11-16,12,11,41,85,0,73,73,album,20,True,3.735333333333333,85,85,1.0,100.0,2025-09-07,11,14,0.24494821184287668,0.15262849325776828,1,29,Stable,73,,Mature Phase,80.32,463,Established,High Retention,Moderate Entry,Hidden Opportunity,High,Maintain Strong Playlist Support
otra noche | myke towers & darell,OTRA NOCHE,Myke Towers & Darell,2025-08-20,2025-08-23,41,36,36,4,64,69,69,single,1,True,3.735333333333333,4,4,1.0,100.0,2025-08-23,36,3,-1.699999999999998,1.600000000000003,5,-5,Improving,5,7.8125,New Entry,37.04,459,Established,Short Retention,Weak Entry,Short-Term Hit,Medium,Increase Playlist Exposure
otra oportunidad | myke towers,OTRA OPORTUNIDAD,Myke Towers,2025-08-24,2025-08-24,25,25,25,1,0,0,0,album,20,True,2.8171,1,1,1.0,100.0,2025-08-24,25,0,0.0,0.0,0,0,Stable,0,,New Entry,100.0,463,Established,Short Retention,Moderate Entry,Low Priority,Low,Monitor Exit Risk
otro round | myke towers,OTRO ROUND,Myke Towers,2024-11-25,2024-11-25,50,50,50,1,0,0,0,album,23,True,2.235516666666667,1,1,1.0,100.0,2024-11-25,50,0,0.0,0.0,0,0,Stable,0,,New Entry,100.0,191,Established,Short Retention,Weak Entry,Low Priority,Low,Monitor Exit Risk
oye bb | omar montes & nicky jam,Oye BB,Omar Montes & Nicky Jam,2024-11-11,2024-11-11,43,43,43,1,25,25,25,single,1,False,2.4610333333333334,1,1,1.0,100.0,2024-11-11,43,0,0.0,0.0,0,0,Stable,0,0.0,New Entry,100.0,177,Mature,Short Retention,Weak Entry,Low Priority,Low,Monitor Exit Risk
pa' la vuelta | eladio carrion & morad,PA' LA VUELTA,Eladio Carrion & Morad,2024-08-06,2024-08-06,49,49,49,1,62,62,62,single,1,True,3.7340166666666668,1,1,1.0,100.0,2024-08-06,49,0,0.0,0.0,0,0,Stable,0,0.0,New Entry,100.0,80,Developing,Short Retention,Weak Entry,Low Priority,Low,Monitor Exit Risk
pacto (feat. bryant myers & dei v) - remix | jay wheeler & anuel aa & hades66,Pacto (feat. Bryant Myers & Dei V) - Remix,Jay Wheeler & Anuel AA & Hades66,2024-07-29,2024-10-06,36,20,45,66,0,84,83,single,1,True,5.766666666666667,70,70,0.9428571428571428,94.28571428571428,2024-08-19,20,21,0.3030581358939567,0.23857634902410949,16,9,Stable,83,,Mature Phase,72.36,72,Developing,Long Retention,Weak Entry,Hidden Opportunity,High,Increase Playlist Exposure
pacto (feat. luar la l) | jay wheeler,Pacto (feat. Luar La L),Jay Wheeler,2024-06-01,2024-07-01,49,38,46,31,69,72,72,album,9,True,4.7336833333333335,31,31,1.0,100.0,2024-06-22,38,21,-0.13145161290322613,0.11532258064516035,11,-3,Stable,3,4.3478260869565215,Mature Phase,88.38,14,Fresh,Long Retention,Weak Entry,Star Content,Very High,Increase Playlist Exposure
pasajero | mora,PASAJERO,Mora,2024-08-30,2024-10-13,4,4,36,45,0,83,83,album,15,False,2.4923,45,45,1.0,100.0,2024-08-30,4,0,0.8890645586297763,0.3013175230566551,0,32,Declining,83,,Decline Phase,52.94,104,Mature,Long Retention,Strong Entry,Hidden Opportunity,High,Maintain Current Support
pasaporte | rauw alejandro,Pasaporte,Rauw Alejandro,2025-11-17,2025-11-17,43,43,43,1,64,64,64,album,18,False,4.39085,1,1,1.0,100.0,2025-11-17,43,0,0.0,0.0,0,0,Stable,0,0.0,New Entry,100.0,548,Established,Short Retention,Weak Entry,Short-Term Hit,Medium,Monitor Exit Risk
pasaporte | rauw alejandro & mr. naisgai,Pasaporte,Rauw Alejandro & Mr. Naisgai,2025-09-29,2025-09-29,49,49,49,1,63,63,63,single,1,False,4.44645,1,1,1.0,100.0,2025-09-29,49,0,0.0,0.0,0,0,Stable,0,0.0,New Entry,100.0,499,Established,Short Retention,Weak Entry,Low Priority,Low,Monitor Exit Risk
pasiempre | tainy,PASIEMPRE,Tainy,2024-07-02,2024-07-20,24,21,50,19,73,87,87,album,19,True,5.929916666666666,19,19,1.0,100.0,2024-07-05,21,3,1.170175438596491,0.6666666666666667,3,26,Declining,14,19.17808219178082,Decline Phase,46.08,45,Developing,Long Retention,Moderate Entry,Star Content,Very High,Increase Playlist Exposure
passoa | jhayco,Passoa,JHAYCO,2025-09-08,2025-09-27,27,27,44,20,53,70,70,album,29,False,5.1546666666666665,20,20,1.0,100.0,2025-09-08,27,0,0.6736842105263153,0.7248120300751855,0,17,Stable,17,32.075471698113205,Mature Phase,59.75,478,Established,Long Retention,Weak Entry,Hidden Opportunity,High,Maintain Current Support
passoa | jhayco & kapo,Passoa,JHAYCO & Kapo,2025-08-17,2025-09-07,36,19,43,20,70,79,79,single,1,False,5.1546666666666665,22,22,0.9090909090909091,90.9090909090909,2025-08-26,19,9,-0.014285714285714443,0.39548872180451045,17,7,Stable,9,12.857142857142856,Mature Phase,89.63,456,Established,Long Retention,Weak Entry,Star Content,Very High,Increase Playlist Exposure
paz | morad,Paz,Morad,2024-05-18,2024-05-20,44,44,47,3,63,66,66,album,19,False,3.1,3,3,1.0,100.0,2024-05-18,44,0,1.4999999999999944,1.5000000000000018,0,3,Declining,3,4.761904761904762,New Entry,40.0,0,Fresh,Short Retention,Weak Entry,Low Priority,Low,Monitor Exit Risk
pedro | jaxomy & agatino romero & raffaella carrà,Pedro,Jaxomy & Agatino Romero & Raffaella Carrà,2025-04-14,2025-05-21,46,14,49,35,77,92,92,single,1,False,2.4141,38,38,0.9210526315789473,92.10526315789474,2025-04-21,14,7,0.6431372549019608,0.3501400560224083,32,3,Stable,15,19.480519480519483,Mature Phase,56.05,331,Established,Long Retention,Weak Entry,Star Content,Very High,Increase Playlist Exposure
peligrosa | floyymenor,PELIGROSA,FloyyMenor,2025-07-31,2025-11-27,49,3,49,119,77,84,83,single,1,True,2.2488333333333332,120,120,0.9916666666666667,99.16666666666667,2025-09-08,3,39,-0.006167212647770943,0.15138156957698345,46,0,Stable,6,7.792207792207792,Peak Phase,98.56,439,Established,High Retention,Weak Entry,Star Content,Very High,Maintain Strong Playlist Support
penas de antaño | bizarrap & milo j,Penas de Antaño,Bizarrap & Milo j,2024-10-09,2024-10-12,48,44,50,4,74,78,78,single,5,False,3.3545333333333334,4,4,1.0,100.0,2024-10-10,44,1,0.5999999999999999,1.4000000000000015,4,2,Stable,4,5.405405405405405,New Entry,62.5,144,Mature,Short Retention,Weak Entry,Short-Term Hit,Medium,Increase Playlist Exposure
perdió este culo | bad gyal,Perdió Este Culo,Bad Gyal,2025-01-28,2025-02-24,21,18,44,28,62,78,78,album,15,True,2.6542166666666667,28,28,1.0,100.0,2025-01-31,18,3,0.7208538587848939,0.4428024083196499,3,23,Stable,16,25.806451612903224,Mature Phase,58.11,255,Established,Long Retention,Moderate Entry,Hidden Opportunity,High,Increase Playlist Exposure
perreo lento | chris jedi & gaby music & dei v,PERREO LENTO,Chris Jedi & Gaby Music & Dei V,2025-03-01,2025-03-29,45,28,49,27,73,75,75,single,5,True,2.6106666666666665,29,29,0.9310344827586207,93.10344827586206,2025-03-07,28,6,0.13186813186813184,0.06166056166056236,17,4,Stable,2,2.73972602739726,Mature Phase,82.26,287,Established,Long Retention,Weak Entry,Star Content,Very High,Increase Playlist Exposure
perro negro | bad bunny,PERRO NEGRO,Bad Bunny,2024-10-14,2025-05-31,5,2,40,195,0,97,89,album,22,True,2.7127833333333333,230,230,0.8478260869565217,84.78260869565217,2024-10-17,2,3,0.1303031283885481,-8.901260742161287e-05,3,35,Stable,89,,Peak Phase,75.01,149,Mature,High Retention,Strong Entry,Hidden Opportunity,High,Maintain Strong Playlist Support
perros&gata$ | nicki nicole & saiko,PERROS&GATA$,Nicki Nicole & SAIKO,2025-07-04,2025-07-07,45,45,50,4,65,68,68,single,1,False,2.993533333333333,4,4,1.0,100.0,2025-07-04,45,0,1.599999999999998,1.0000000000000073,0,5,Declining,3,4.615384615384616,New Entry,38.46,412,Established,Short Retention,Weak Entry,Short-Term Hit,Medium,Monitor Exit Risk
"peso pluma: bzrp music sessions, vol. 55 | bizarrap & peso pluma","Peso Pluma: Bzrp Music Sessions, Vol. 55",Bizarrap & Peso Pluma,2024-06-03,2024-07-01,2,2,47,29,82,98,98,single,1,True,3.13935,29,29,1.0,100.0,2024-06-03,2,0,1.5926108374384234,0.39310344827586285,0,45,Declining,16,19.51219512195122,Decline Phase,38.57,16,Fresh,Long Retention,Strong Entry,Star Content,Very High,Maintain Current Support
pide | mora,PIDE,Mora,2024-08-30,2024-09-02,15,15,46,4,0,75,75,album,15,True,3.46505,4,4,1.0,100.0,2024-08-30,15,0,10.9,22.800000000000008,0,31,Declining,75,,New Entry,8.4,104,Mature,Short Retention,Moderate Entry,Low Priority,Low,Monitor Exit Risk
piribiri | jc reyes & pedro calderon,PIRIBIRI,JC Reyes & Pedro Calderon,2024-08-09,2024-09-29,49,37,45,41,72,75,74,single,1,False,2.94545,52,52,0.7884615384615384,78.84615384615384,2024-09-17,37,39,-0.14686411149825768,0.037630662020906695,12,-4,Stable,2,2.7777777777777777,Mature Phase,68.75,83,Developing,Long Retention,Weak Entry,Star Content,Very High,Increase Playlist Exposure
playa del inglés | quevedo,PLAYA DEL INGLÉS,Quevedo,2024-05-18,2024-12-12,15,15,50,159,84,85,79,album,16,False,3.95875,209,209,0.7607655502392344,76.07655502392345,2024-05-18,15,0,0.14718772390733215,-0.021754836398376227,0,35,Stable,-5,-5.952380952380952,Mature Phase,66.32,0,Fresh,High Retention,Moderate Entry,Star Content,Very High,Maintain Strong Playlist Support
please please please | sabrina carpenter,Please Please Please,Sabrina Carpenter,2025-06-12,2025-06-20,39,33,44,9,83,91,91,single,2,True,3.1060833333333333,9,9,1.0,100.0,2025-06-18,33,6,0.23333333333333633,1.150000000000004,6,5,Stable,8,9.63855421686747,Mature Phase,81.08,390,Established,Moderate Retention,Weak Entry,Short-Term Hit,Medium,Increase Playlist Exposure
polaris - remix | saiko,POLARIS - Remix,SAIKO,2025-04-28,2025-05-09,32,31,50,12,53,66,66,album,16,True,4.8,12,12,1.0,100.0,2025-04-29,31,1,1.692307692307692,1.0384615384615397,1,18,Declining,13,24.528301886792452,Decline Phase,37.14,345,Established,Moderate Retention,Weak Entry,Low Priority,Low,Increase Playlist Exposure
polaris - remix | saiko & feid & quevedo,POLARIS - Remix,Saiko & Feid & Quevedo,2024-06-11,2025-04-20,1,1,43,311,74,90,80,single,1,True,4.8,314,314,0.9904458598726115,99.04458598726114,2024-06-11,1,0,0.12763398306910392,-0.028032122425857574,0,42,Stable,6,8.108108108108109,Peak Phase,87.83,24,Fresh,High Retention,Strong Entry,Star Content,Very High,Maintain Strong Playlist Support
polaris | saiko,Polaris,Saiko,2024-05-18,2024-06-11,35,22,46,25,78,78,78,single,3,True,3.2020333333333335,25,25,1.0,100.0,2024-06-10,22,23,-0.43230769230769206,0.0092307692307694,13,11,Stable,0,0.0,Mature Phase,69.82,0,Fresh,Long Retention,Weak Entry,Star Content,Very High,Increase Playlist Exposure
por atrás | quevedo,POR ATRÁS,Quevedo,2025-11-24,2025-11-27,11,11,19,4,62,68,68,album,18,False,2.8614166666666665,4,4,1.0,100.0,2025-11-24,11,0,2.4999999999999996,2.000000000000002,0,8,Declining,6,9.67741935483871,New Entry,28.57,555,Established,Short Retention,Moderate Entry,Low Priority,Low,Monitor Exit Risk
potra salvaje - hard remix | isabel aaiún & fernando moreno,Potra Salvaje - Hard Remix,Isabel Aaiún & Fernando Moreno,2025-05-29,2025-09-24,47,3,48,114,62,80,74,single,1,False,5.7,119,119,0.957983193277311,95.7983193277311,2025-06-18,3,20,0.19683278993945041,0.09785950061764608,44,1,Stable,12,19.35483870967742,Peak Phase,80.04,376,Established,High Retention,Weak Entry,Hidden Opportunity,High,Maintain Strong Playlist Support
potra salvaje | isabel aaiún,Potra Salvaje,Isabel Aaiún,2025-07-07,2025-08-28,48,14,49,50,59,67,66,album,10,False,3.3270666666666666,53,53,0.9433962264150944,94.33962264150944,2025-07-18,14,11,0.27078031212484976,0.1554381752701075,34,1,Stable,7,11.864406779661017,Mature Phase,74.24,415,Established,Long Retention,Weak Entry,Hidden Opportunity,High,Increase Playlist Exposure
privilegios | feid,PRIVILEGIOS,Feid,2024-09-30,2024-10-01,46,46,46,2,0,0,0,album,15,False,3.0973333333333333,2,2,1.0,100.0,2024-09-30,46,0,-7.688831126888455e-15,0.0,0,0,Stable,0,,New Entry,100.0,135,Mature,Short Retention,Weak Entry,Low Priority,Low,Monitor Exit Risk
probemas mentales | jzaeb & eix,Probemas Mentales,JZAEB & Eix,2025-03-07,2025-03-07,48,48,48,1,55,55,55,single,1,True,3.819183333333333,1,1,1.0,100.0,2025-03-07,48,0,0.0,0.0,0,0,Stable,0,0.0,New Entry,100.0,293,Established,Short Retention,Weak Entry,Low Priority,Low,Monitor Exit Risk
problemas mentales | jzaeb & eix,Problemas Mentales,JZAEB & Eix,2025-03-20,2025-03-22,23,22,22,2,67,68,68,single,1,True,3.819183333333333,3,3,0.6666666666666666,66.66666666666666,2025-03-22,22,2,-1.0000000000000018,0.9999999999999908,1,-1,Improving,1,1.4925373134328357,New Entry,33.33,306,Established,Short Retention,Moderate Entry,Short-Term Hit,Medium,Increase Playlist Exposure
provenza | karol g,PROVENZA,KAROL G,2025-07-25,2025-07-30,50,45,46,6,82,83,82,album,17,False,3.4604333333333335,6,6,1.0,100.0,2025-07-26,45,1,-0.5142857142857138,0.028571428571424848,5,-4,Stable,0,0.0,New Entry,66.04,433,Established,Moderate Retention,Weak Entry,Short-Term Hit,Medium,Increase Playlist Exposure
"ptazeta: bzrp music sessions, vol. 45 | paul thin & ruslana","Ptazeta: Bzrp Music Sessions, Vol. 45",Paul Thin & RUSLANA,2025-01-18,2025-01-19,42,42,50,2,55,59,59,single,1,False,2.616216666666667,2,2,1.0,100.0,2025-01-18,42,0,7.999999999999992,3.999999999999991,0,8,Declining,4,7.2727272727272725,New Entry,11.11,245,Established,Short Retention,Weak Entry,Low Priority,Low,Monitor Exit Risk
punto g | quevedo,PUNTO G,Quevedo,2024-05-18,2025-01-13,27,23,50,162,86,87,84,album,16,False,2.5220666666666665,241,241,0.6721991701244814,67.21991701244814,2024-05-30,23,12,0.12262176439290336,-0.016365563444784445,4,23,Stable,-2,-2.3255813953488373,Mature Phase,59.88,0,Fresh,High Retention,Weak Entry,Star Content,Very High,Maintain Strong Playlist Support
pólvora | mora,PÓLVORA,Mora,2024-08-30,2024-09-09,8,8,49,11,0,81,81,album,15,True,3.088766666666667,11,11,1.0,100.0,2024-08-30,8,0,4.036363636363636,4.172727272727275,0,41,Declining,81,,Decline Phase,19.86,104,Mature,Moderate Retention,Strong Entry,Low Priority,Low,Maintain Current Support
q u e v a s h a c e r h o y ? | omar courtz,Q U E V A S H A C E R H O Y ?,Omar Courtz,2025-09-25,2025-11-27,39,1,14,64,66,89,89,album,17,False,3.7337,64,64,1.0,100.0,2025-10-02,1,7,0.02690018315018307,0.22614468864468887,38,-25,Stable,23,34.84848484848485,Peak Phase,97.38,495,Established,Long Retention,Weak Entry,Star Content,Very High,Increase Playlist Exposure
qlona | karol g,QLONA,KAROL G,2024-08-19,2025-10-19,37,8,50,342,74,94,85,album,9,True,2.87995,427,427,0.8009367681498829,80.09367681498829,2024-09-14,8,26,0.08067058543480012,-0.015736120479546208,29,13,Stable,11,14.864864864864865,Peak Phase,74.11,93,Mature,High Retention,Weak Entry,Star Content,Very High,Maintain Strong Playlist Support
que asco de todo | quevedo,QUE ASCO DE TODO,Quevedo,2025-11-24,2025-11-27,19,19,35,4,61,66,66,album,18,False,3.1717333333333335,4,4,1.0,100.0,2025-11-24,19,0,4.900000000000002,1.5999999999999983,0,16,Declining,5,8.19672131147541,New Entry,16.95,555,Established,Short Retention,Moderate Entry,Low Priority,Low,Monitor Exit Risk
que me lleve el aire | luis cortés,Que Me Lleve el Aire,Luis Cortés,2025-10-10,2025-10-17,50,42,48,8,67,67,67,single,1,False,2.8362,8,8,1.0,100.0,2025-10-13,42,3,0.011904761904758747,-4.691548564797569e-16,8,-2,Stable,0,0.0,Mature Phase,98.82,510,Established,Moderate Retention,Weak Entry,Short-Term Hit,Medium,Increase Playlist Exposure
que te vaya bien | rvfv,Que te vaya bien,Rvfv,2024-05-18,2024-06-07,26,26,46,21,77,77,77,single,1,False,3.416,21,21,1.0,100.0,2024-05-18,26,0,0.7870129870129868,1.1869624222354466e-15,0,20,Declining,0,0.0,Decline Phase,55.96,0,Fresh,Long Retention,Weak Entry,Star Content,Very High,Maintain Current Support
quevedo #49 after hour the mixtape | dj saot st,QUEVEDO #49 AFTER HOUR THE MIXTAPE,DJ Saot ST,2024-06-04,2024-06-04,48,48,48,1,20,20,20,album,49,False,2.0,1,1,1.0,100.0,2024-06-04,48,0,0.0,0.0,0,0,Stable,0,0.0,New Entry,100.0,17,Fresh,Short Retention,Weak Entry,Low Priority,Low,Monitor Exit Risk
"quevedo: bzrp music sessions, vol. 52 | bizarrap & quevedo","Quevedo: Bzrp Music Sessions, Vol. 52",Bizarrap & Quevedo,2024-05-18,2025-01-03,31,27,43,133,93,94,87,single,1,False,3.3156166666666667,231,231,0.5757575757575758,57.57575757575758,2024-05-29,27,11,0.12149437365462515,-0.03419675375684761,4,12,Stable,-6,-6.451612903225806,Mature Phase,51.34,0,Fresh,High Retention,Weak Entry,Star Content,Very High,Maintain Strong Playlist Support
quickie | dei v,Quickie,Dei V,2025-11-19,2025-11-25,49,31,50,7,65,68,68,single,1,True,2.0612166666666667,7,7,1.0,100.0,2025-11-23,31,4,0.3214285714285709,0.5714285714285701,18,1,Stable,3,4.615384615384616,New Entry,75.68,550,Established,Moderate Retention,Weak Entry,Short-Term Hit,Medium,Increase Playlist Exposure
quien es dei v? | dei v,Quien Es Dei V?,Dei V,2024-09-24,2025-04-09,37,10,50,196,68,82,78,single,1,True,2.704066666666667,198,198,0.98989898989899,98.98989898989899,2024-10-04,10,10,0.16328124377435474,0.006826893193825758,27,13,Stable,10,14.705882352941178,Peak Phase,85.1,129,Mature,High Retention,Weak Entry,Star Content,Very High,Maintain Strong Playlist Support
quizás si quizás no | alvaro diaz & quevedo,QUIZÁS SI QUIZÁS NO,Alvaro Diaz & Quevedo,2024-11-25,2024-12-23,13,13,47,29,0,79,78,single,1,False,3.3868833333333335,29,29,1.0,100.0,2024-11-25,13,0,1.0334975369458133,0.8561576354679814,0,34,Declining,78,,Decline Phase,49.18,191,Established,Long Retention,Moderate Entry,Hidden Opportunity,High,Maintain Current Support
quién es dei v? | dei v,Quién es Dei V?,Dei V,2025-06-16,2025-06-16,50,50,50,1,13,13,13,album,16,True,2.704066666666667,1,1,1.0,100.0,2025-06-16,50,0,0.0,0.0,0,0,Stable,0,0.0,New Entry,100.0,394,Established,Short Retention,Weak Entry,Low Priority,Low,Monitor Exit Risk
qué pasaría... | rauw alejandro,Qué Pasaría...,Rauw Alejandro,2025-11-17,2025-11-27,1,1,7,11,72,86,86,album,18,True,3.1836333333333333,11,11,1.0,100.0,2025-11-17,1,0,0.7999999999999999,1.2454545454545454,0,6,Declining,14,19.444444444444446,Decline Phase,55.56,548,Established,Moderate Retention,Strong Entry,Short-Term Hit,Medium,Maintain Current Support
qué pecao | manuel turizo,Qué Pecao,Manuel Turizo,2025-11-24,2025-11-27,34,34,44,4,42,55,55,album,12,False,3.8346666666666667,4,4,1.0,100.0,2025-11-24,34,0,3.8,4.400000000000002,0,10,Declining,13,30.952380952380953,New Entry,20.83,555,Established,Short Retention,Weak Entry,Low Priority,Low,Monitor Exit Risk
qué pecao | manuel turizo & kapo,Qué Pecao,Manuel Turizo & Kapo,2025-10-06,2025-11-23,29,13,21,49,58,77,77,single,1,False,3.83455,49,49,1.0,100.0,2025-10-13,13,7,0.029591836734694055,0.2326530612244906,16,-8,Stable,19,32.758620689655174,Mature Phase,97.13,506,Established,Long Retention,Weak Entry,Hidden Opportunity,High,Increase Playlist Exposure
rang€ rov€r | cruz cafuné,rang€ rov€r,Cruz Cafuné,2025-07-21,2025-07-21,47,47,47,1,53,53,53,single,6,True,1.95355,1,1,1.0,100.0,2025-07-21,47,0,0.0,0.0,0,0,Stable,0,0.0,New Entry,100.0,429,Established,Short Retention,Weak Entry,Low Priority,Low,Monitor Exit Risk
rapapa | jc reyes,RAPAPA,JC Reyes,2025-10-20,2025-11-26,28,8,50,38,51,71,71,single,6,False,2.0148,38,38,1.0,100.0,2025-11-01,8,12,0.27245869351132496,0.4296969033811139,20,22,Stable,20,39.21568627450981,Peak Phase,78.59,520,Established,Long Retention,Weak Entry,Hidden Opportunity,High,Increase Playlist Exposure
rapeadita love | rels b,Rapeadita LOVE,Rels B,2025-04-28,2025-04-28,44,44,44,1,65,65,65,album,13,True,2.34065,1,1,1.0,100.0,2025-04-28,44,0,0.0,0.0,0,0,Stable,0,0.0,New Entry,100.0,345,Established,Short Retention,Weak Entry,Short-Term Hit,Medium,Monitor Exit Risk
rapido (with cris mj) | dei v,Rapido (with Cris Mj),Dei V,2025-06-16,2025-11-27,33,5,48,162,26,81,76,album,16,True,2.433333333333333,165,165,0.9818181818181818,98.18181818181819,2025-08-22,5,67,0.06711207644789936,0.02763770515170871,28,15,Stable,50,192.30769230769232,Peak Phase,92.01,394,Established,High Retention,Weak Entry,Hidden Opportunity,High,Maintain Strong Playlist Support
rara vez | taiu & milo j,Rara Vez,Taiu & Milo j,2024-05-18,2024-12-13,16,15,49,147,92,92,88,single,1,False,2.144616666666667,210,210,0.7,70.0,2024-05-20,15,2,0.17403984918662022,-0.03233118497306347,1,33,Stable,-4,-4.3478260869565215,Mature Phase,59.62,0,Fresh,High Retention,Moderate Entry,Star Content,Very High,Maintain Strong Playlist Support
"rauw alejandro: bzrp music sessions, vol. 56 | bizarrap & rauw alejandro","Rauw Alejandro: Bzrp Music Sessions, Vol. 56",Bizarrap & Rauw Alejandro,2024-06-24,2024-10-13,1,1,48,111,78,93,83,single,1,True,3.1875666666666667,112,112,0.9910714285714286,99.10714285714286,2024-06-24,1,0,0.44269041769041767,-0.07934362934362911,0,47,Stable,5,6.41025641025641,Peak Phase,68.7,37,Developing,High Retention,Strong Entry,Star Content,Very High,Maintain Strong Playlist Support
razones | ozuna & anuel aa & mambo kingz,Razones,Ozuna & Anuel AA & Mambo Kingz,2025-06-30,2025-07-05,16,16,46,6,61,71,71,single,1,False,3.7121166666666667,6,6,1.0,100.0,2025-06-30,16,0,6.514285714285712,1.6857142857142828,0,30,Declining,10,16.39344262295082,New Entry,13.31,408,Established,Moderate Retention,Moderate Entry,Low Priority,Low,Maintain Current Support
real gangsta love | trueno,REAL GANGSTA LOVE,Trueno,2025-06-06,2025-11-16,49,1,48,154,75,92,82,album,13,True,2.4223666666666666,164,164,0.9390243902439024,93.90243902439023,2025-06-12,1,6,0.2955978872487412,-0.006942835785340468,48,-1,Stable,7,9.333333333333334,Peak Phase,72.48,384,Established,High Retention,Weak Entry,Star Content,Very High,Maintain Strong Playlist Support
reina | mora,REINA,Mora,2024-08-30,2025-04-17,1,1,45,229,0,89,79,album,15,True,3.5313166666666667,231,231,0.9913419913419913,99.13419913419914,2024-08-30,1,0,0.16302199394442055,-0.02482587710971006,0,44,Stable,79,,Peak Phase,85.24,104,Mature,High Retention,Strong Entry,Hidden Opportunity,High,Maintain Strong Playlist Support
remember me | duki,Remember Me,Duki,2024-07-19,2024-07-22,43,43,48,4,59,63,63,album,15,False,2.8437333333333332,4,4,1.0,100.0,2024-07-19,43,0,1.4999999999999998,1.4000000000000081,0,5,Declining,4,6.779661016949152,New Entry,40.0,62,Developing,Short Retention,Weak Entry,Low Priority,Low,Monitor Exit Risk
remix exclusivo | feid,REMIX EXCLUSIVO,Feid,2024-05-18,2024-06-04,50,43,49,17,88,88,87,single,1,True,3.4491,18,18,0.9444444444444444,94.44444444444444,2024-05-20,43,2,0.08333333333333465,-0.06372549019607537,7,-1,Stable,-1,-1.1363636363636365,Mature Phase,87.18,0,Fresh,Long Retention,Weak Entry,Star Content,Very High,Increase Playlist Exposure
revolú | rauw alejandro,Revolú,Rauw Alejandro,2025-11-17,2025-11-23,10,10,29,7,67,77,77,album,18,True,3.59185,7,7,1.0,100.0,2025-11-17,10,0,3.0357142857142856,1.535714285714282,0,19,Declining,10,14.925373134328357,New Entry,24.78,548,Established,Moderate Retention,Strong Entry,Short-Term Hit,Medium,Maintain Current Support
"ride or die, pt. 2 (with villano antillano & tokischa) | sevdaliza & villano antillano & tokischa","Ride Or Die, Pt. 2 (with Villano Antillano & Tokischa)",Sevdaliza & Villano Antillano & Tokischa,2025-04-26,2025-05-12,33,26,49,5,79,86,86,single,2,True,2.6454666666666666,17,17,0.29411764705882354,29.411764705882355,2025-04-27,26,1,4.799999999999997,1.89999999999999,7,16,Declining,7,8.860759493670885,New Entry,5.07,343,Established,Long Retention,Weak Entry,Star Content,Very High,Increase Playlist Exposure
ritmo de medallo | feid,RITMO DE MEDALLO,Feid,2024-09-30,2024-10-01,37,37,37,2,0,0,0,album,15,False,1.9782166666666667,2,2,1.0,100.0,2024-09-30,37,0,-9.021098756438643e-15,0.0,0,0,Stable,0,,New Entry,100.0,135,Mature,Short Retention,Weak Entry,Low Priority,Low,Monitor Exit Risk
ritual | myke towers,RITUAL,Myke Towers,2024-11-25,2024-11-25,48,48,48,1,0,0,0,album,23,True,2.5738666666666665,1,1,1.0,100.0,2024-11-25,48,0,0.0,0.0,0,0,Stable,0,,New Entry,100.0,191,Established,Short Retention,Weak Entry,Low Priority,Low,Monitor Exit Risk
rko | eladio carrion,RKO,Eladio Carrion,2025-01-21,2025-01-24,20,20,45,4,67,73,73,album,17,True,1.7777666666666667,4,4,1.0,100.0,2025-01-21,20,0,8.300000000000004,2.2999999999999963,0,25,Declining,6,8.955223880597014,New Entry,10.75,248,Established,Short Retention,Moderate Entry,Short-Term Hit,Medium,Monitor Exit Risk
rockin' around the christmas tree | brenda lee,Rockin' Around The Christmas Tree,Brenda Lee,2024-12-24,2024-12-27,47,7,11,4,98,98,98,album,12,False,2.104433333333333,4,4,1.0,100.0,2024-12-25,7,1,-10.400000000000002,9.54111134412617e-15,40,-36,Improving,0,0.0,New Entry,8.77,220,Established,Short Retention,Weak Entry,Short-Term Hit,Medium,Increase Playlist Exposure
rockstar 2.0 | duki,RoCKSTAR 2.0,Duki,2024-06-25,2024-07-02,16,16,43,8,67,78,78,album,14,True,2.8954833333333334,8,8,1.0,100.0,2024-06-25,16,0,3.3333333333333317,1.4880952380952372,0,27,Declining,11,16.417910447761194,Decline Phase,23.08,38,Developing,Moderate Retention,Moderate Entry,Short-Term Hit,Medium,Maintain Current Support
rockstar 2.0 | duki & jhayco,RoCKSTAR 2.0,Duki & Jhayco,2024-06-24,2024-06-24,14,14,14,1,71,71,71,single,1,True,2.8954833333333334,1,1,1.0,100.0,2024-06-24,14,0,0.0,0.0,0,0,Stable,0,0.0,New Entry,100.0,37,Developing,Short Retention,Moderate Entry,Short-Term Hit,Medium,Monitor Exit Risk
romero santo | dellafuente,Romero Santo,DELLAFUENTE,2025-06-16,2025-06-21,31,31,43,5,31,53,53,album,10,False,3.1902333333333335,6,6,0.8333333333333334,83.33333333333334,2025-06-16,31,0,2.299999999999994,4.599999999999999,0,12,Declining,22,70.96774193548387,New Entry,25.25,394,Established,Moderate Retention,Weak Entry,Low Priority,Low,Maintain Current Support
rompeolas | martin urrutia,rompeolas,Martin Urrutia,2025-04-12,2025-04-18,45,39,39,2,68,69,69,single,1,False,2.70865,7,7,0.2857142857142857,28.57142857142857,2025-04-18,39,6,-6.000000000000001,0.999999999999985,6,-6,Improving,1,1.4705882352941175,New Entry,4.08,329,Established,Moderate Retention,Weak Entry,Short-Term Hit,Medium,Increase Playlist Exposure
rosas | la oreja de van gogh,Rosas,La Oreja de Van Gogh,2025-10-17,2025-10-26,38,30,50,10,69,81,69,album,12,False,3.9504333333333332,10,10,1.0,100.0,2025-10-19,30,2,1.8363636363636358,-0.21818181818181664,8,12,Declining,0,0.0,Decline Phase,35.26,517,Established,Moderate Retention,Weak Entry,Short-Term Hit,Medium,Increase Playlist Exposure
rueda | rvfv,RUEDA,Rvfv,2025-06-02,2025-08-14,47,21,48,70,36,67,66,album,20,False,3.552,74,74,0.9459459459459459,94.5945945945946,2025-06-19,21,17,0.15863878925728328,0.18705275129035168,26,1,Stable,30,83.33333333333334,Mature Phase,81.64,380,Established,Long Retention,Weak Entry,Hidden Opportunity,High,Increase Playlist Exposure
rápido | mora,RÁPIDO,Mora,2024-05-18,2024-05-24,41,41,44,7,81,82,82,single,1,True,3.047616666666667,7,7,1.0,100.0,2024-05-18,41,0,0.7142857142857153,0.17857142857142663,0,3,Stable,1,1.2345679012345678,New Entry,58.33,0,Fresh,Moderate Retention,Weak Entry,Short-Term Hit,Medium,Maintain Current Support
s91 | karol g,S91,KAROL G,2024-07-16,2024-09-04,49,21,48,49,74,89,80,single,1,False,2.8834166666666667,51,51,0.9607843137254902,96.07843137254902,2024-08-13,21,28,0.06938775510204072,-0.22775510204081564,28,-1,Stable,6,8.108108108108109,Mature Phase,89.84,59,Developing,Long Retention,Weak Entry,Star Content,Very High,Increase Playlist Exposure
sangre y fe | cruz cafuné,Sangre y Fe,Cruz Cafuné,2024-05-28,2024-06-16,6,6,50,20,61,74,74,album,23,True,3.8583333333333334,20,20,1.0,100.0,2024-05-28,6,0,2.672932330827068,0.5150375939849612,0,44,Declining,13,21.311475409836063,Decline Phase,27.23,10,Fresh,Long Retention,Strong Entry,Hidden Opportunity,High,Maintain Current Support
santa tell me | ariana grande,Santa Tell Me,Ariana Grande,2024-12-25,2024-12-27,17,17,29,3,96,96,96,single,1,False,3.40155,3,3,1.0,100.0,2024-12-25,17,0,6.000000000000001,4.7905812956903255e-15,0,12,Declining,0,0.0,New Entry,14.29,221,Established,Short Retention,Moderate Entry,Short-Term Hit,Medium,Monitor Exit Risk
santa | rvssian,Santa,Rvssian,2025-05-22,2025-11-27,2,2,43,188,6,84,83,single,2,False,3.2173,190,190,0.9894736842105263,98.94736842105263,2025-05-22,2,0,0.11673683012856984,0.04219198962628252,0,41,Stable,77,1283.3333333333335,Peak Phase,88.6,369,Established,High Retention,Strong Entry,Hidden Opportunity,High,Maintain Strong Playlist Support
santa | rvssian & rauw alejandro & ayra starr,Santa,Rvssian & Rauw Alejandro & Ayra Starr,2025-04-16,2025-05-21,34,1,2,36,74,93,93,single,1,False,3.2173,36,36,1.0,100.0,2025-04-21,1,5,-0.2258687258687258,0.47927927927928,33,-32,Stable,19,25.675675675675674,Peak Phase,81.57,333,Established,Long Retention,Weak Entry,Star Content,Very High,Increase Playlist Exposure
se fue | rauw alejandro,Se Fue,Rauw Alejandro,2025-11-17,2025-11-27,5,5,24,11,69,80,80,album,18,False,4.002983333333333,11,11,1.0,100.0,2025-11-17,5,0,2.236363636363636,1.0181818181818179,0,19,Declining,11,15.942028985507244,Decline Phase,30.9,548,Established,Moderate Retention,Strong Entry,Short-Term Hit,Medium,Maintain Current Support
se grita | morad,Se Grita,Morad,2024-07-21,2024-08-05,50,46,49,16,84,85,85,album,19,True,4.327116666666667,16,16,1.0,100.0,2024-07-25,46,4,-0.01764705882352843,0.09411764705882364,4,-1,Stable,1,1.1904761904761905,Mature Phase,98.27,64,Developing,Long Retention,Weak Entry,Star Content,Very High,Increase Playlist Exposure
se me olvida | maisak & feid,SE ME OLVIDA,Maisak & Feid,2025-08-24,2025-11-16,48,11,42,79,0,87,84,single,1,True,3.7562166666666665,85,85,0.9294117647058824,92.94117647058823,2025-09-01,11,8,0.25063291139240496,0.1481986368062321,37,-6,Stable,84,,Mature Phase,74.32,463,Established,High Retention,Weak Entry,Hidden Opportunity,High,Maintain Strong Playlist Support
se pone las nike | cano,Se Pone Las Nike,Cano,2025-11-06,2025-11-27,49,6,12,22,57,72,72,album,10,False,2.65625,22,22,1.0,100.0,2025-11-14,6,8,-1.0666290231507611,0.7204968944099378,43,-37,Improving,15,26.31578947368421,Growth Phase,48.39,537,Established,Long Retention,Weak Entry,Hidden Opportunity,High,Increase Playlist Exposure
se te nota (feat. peso pluma) | myke towers,SE TE NOTA (feat. Peso Pluma),Myke Towers,2025-08-24,2025-08-25,27,27,47,2,0,63,63,album,20,True,3.168433333333333,2,2,1.0,100.0,2025-08-24,27,0,19.99999999999999,62.999999999999986,0,20,Declining,63,,New Entry,4.76,463,Established,Short Retention,Weak Entry,Low Priority,Low,Monitor Exit Risk
seda | bad bunny,SEDA,Bad Bunny,2024-10-14,2025-02-13,6,6,50,119,0,90,83,album,22,True,3.1746,123,123,0.967479674796748,96.7479674796748,2024-10-14,6,0,0.35612448369178196,-0.01662868537245442,0,44,Stable,83,,Peak Phase,71.34,149,Mature,High Retention,Strong Entry,Hidden Opportunity,High,Maintain Strong Playlist Support
sexesexy | mushkaa,SexeSexy,Mushkaa,2025-03-31,2025-04-13,40,40,43,6,40,57,57,album,9,False,3.88,14,14,0.42857142857142855,42.857142857142854,2025-03-31,40,0,1.6658727790927004e-15,3.0571428571428574,0,3,Stable,17,42.5,New Entry,42.86,317,Established,Moderate Retention,Weak Entry,Low Priority,Low,Maintain Current Support
sexo desenfrenado | myke towers,SEXO DESENFRENADO,Myke Towers,2025-08-24,2025-08-24,45,45,45,1,0,0,0,album,20,True,4.056,1,1,1.0,100.0,2025-08-24,45,0,0.0,0.0,0,0,Stable,0,,New Entry,100.0,463,Established,Short Retention,Weak Entry,Low Priority,Low,Monitor Exit Risk
seya | gims,SEYA,GIMS,2024-10-21,2025-02-27,50,21,50,109,51,75,68,album,21,False,3.1414,130,130,0.8384615384615385,83.84615384615385,2024-12-20,21,60,0.018635900287276373,0.0436567509962007,29,0,Stable,17,33.33333333333333,Mature Phase,82.31,156,Mature,High Retention,Weak Entry,Hidden Opportunity,High,Maintain Strong Playlist Support
"shakira: bzrp music sessions, vol. 53 | bizarrap & shakira","Shakira: Bzrp Music Sessions, Vol. 53",Bizarrap & Shakira,2024-05-18,2024-07-18,33,30,50,61,95,95,93,single,1,False,3.5824166666666666,62,62,0.9838709677419355,98.38709677419355,2024-05-23,30,5,0.31893178212585965,-0.029508196721311337,3,17,Stable,-2,-2.1052631578947367,Mature Phase,74.6,0,Fresh,Long Retention,Weak Entry,Star Content,Very High,Increase Playlist Exposure
shars 2023 | al safir,Shars 2023,Al Safir,2024-11-30,2024-12-01,21,21,21,2,28,55,55,single,1,False,2.722366666666667,2,2,1.0,100.0,2024-11-30,21,0,-2.9562371437441025e-15,26.99999999999999,0,0,Stable,27,96.42857142857143,New Entry,100.0,196,Established,Short Retention,Moderate Entry,Low Priority,Low,Monitor Exit Risk
shibatto | quevedo,SHIBATTO,Quevedo,2025-11-24,2025-11-27,5,3,3,4,64,71,71,album,18,False,2.3037666666666667,4,4,1.0,100.0,2025-11-26,3,2,-0.6999999999999997,2.3000000000000025,2,-2,Stable,7,10.9375,New Entry,58.82,555,Established,Short Retention,Strong Entry,Short-Term Hit,Medium,Increase Playlist Exposure
si antes te hubiera conocido | karol g,Si Antes Te Hubiera Conocido,KAROL G,2025-06-22,2025-11-27,6,1,15,157,0,96,93,single,1,False,3.263733333333333,159,159,0.9874213836477987,98.74213836477988,2025-07-02,1,10,0.030495103541947063,0.06131891167769662,5,9,Stable,93,,Peak Phase,95.82,400,Established,High Retention,Strong Entry,Hidden Opportunity,High,Maintain Strong Playlist Support
si la calle llama - remix | eladio carrion,Si La Calle Llama - Remix,Eladio Carrion,2024-05-18,2024-08-29,22,20,46,104,87,87,83,album,18,True,4.0,104,104,1.0,100.0,2024-05-19,20,1,0.16463245492371698,-0.02422916888936353,2,24,Stable,-4,-4.597701149425287,Mature Phase,85.86,0,Fresh,High Retention,Moderate Entry,Star Content,Very High,Maintain Strong Playlist Support
si no es contigo | cris mj,SI NO ES CONTIGO,Cris Mj,2025-06-18,2025-09-20,44,31,47,92,82,90,89,single,1,True,2.6,95,95,0.968421052631579,96.84210526315789,2025-08-09,31,52,0.0947166438050027,0.04210656104064221,13,3,Stable,7,8.536585365853659,Mature Phase,88.46,396,Established,High Retention,Weak Entry,Star Content,Very High,Maintain Strong Playlist Support
si no estás | iñigo quintero,Si No Estás,iñigo quintero,2024-09-20,2025-04-03,48,1,50,187,60,99,89,single,1,False,3.0676833333333335,196,196,0.9540816326530612,95.40816326530613,2024-09-29,1,9,0.23156511621932102,0.03445472529811854,47,2,Stable,29,48.333333333333336,Peak Phase,77.47,125,Mature,High Retention,Weak Entry,Hidden Opportunity,High,Maintain Strong Playlist Support
si sabe ferxxo | blessd,SI SABE FERXXO,Blessd,2025-01-28,2025-02-28,50,27,50,31,68,86,86,album,14,True,2.5416666666666665,32,32,0.96875,96.875,2025-02-01,27,4,0.3060483870967731,0.43911290322580604,23,0,Stable,18,26.47058823529412,Mature Phase,74.17,255,Established,Long Retention,Weak Entry,Star Content,Very High,Increase Playlist Exposure
"si si si si (feat. eladio carrion, bryant myers, dei v) | the academy: segunda misión","SI SI SI SI (feat. Eladio Carrion, Bryant Myers, Dei V)",The Academy: Segunda Misión,2025-03-31,2025-03-31,16,16,16,1,42,42,42,album,9,True,4.032633333333333,1,1,1.0,100.0,2025-03-31,16,0,0.0,0.0,0,0,Stable,0,0.0,New Entry,100.0,317,Established,Short Retention,Moderate Entry,Low Priority,Low,Monitor Exit Risk
"si si si si (feat. eladio carrion, bryant myers, dei v) | the academy: segunda misión & justin quiles & lenny tavárez","SI SI SI SI (feat. Eladio Carrion, Bryant Myers, Dei V)",The Academy: Segunda Misión & Justin Quiles & Lenny Tavárez,2025-04-01,2025-06-08,47,16,50,58,64,76,73,album,9,True,4.032633333333333,69,69,0.8405797101449275,84.05797101449275,2025-04-12,16,11,0.45033682980097767,0.025962041280874665,31,3,Stable,9,14.0625,Mature Phase,57.96,318,Established,Long Retention,Weak Entry,Star Content,Very High,Increase Playlist Exposure
si te pegas | rauw alejandro,SI TE PEGAS,Rauw Alejandro,2024-07-09,2024-07-12,30,30,43,4,0,77,77,album,14,True,3.0608666666666666,4,4,1.0,100.0,2024-07-09,30,0,3.8999999999999995,23.30000000000001,0,13,Declining,77,,New Entry,20.41,52,Developing,Short Retention,Weak Entry,Low Priority,Low,Monitor Exit Risk
sigo enamorau' | eladio carrion,Sigo Enamorau',Eladio Carrion,2025-01-21,2025-01-21,17,17,17,1,68,68,68,album,17,True,3.249016666666667,1,1,1.0,100.0,2025-01-21,17,0,0.0,0.0,0,0,Stable,0,0.0,New Entry,100.0,248,Established,Short Retention,Moderate Entry,Short-Term Hit,Medium,Monitor Exit Risk
sin gato (miau!) | rels b,Sin Gato (MIAU!),Rels B,2024-05-28,2024-06-03,45,45,48,3,63,74,74,single,1,False,2.48,7,7,0.42857142857142855,42.857142857142854,2024-05-28,45,0,1.4999999999999947,5.499999999999996,0,3,Declining,11,17.46031746031746,New Entry,17.14,10,Fresh,Moderate Retention,Weak Entry,Low Priority,Low,Maintain Current Support
sleigh ride | the ronettes,Sleigh Ride,The Ronettes,2024-12-25,2024-12-27,28,28,50,3,84,84,84,album,15,False,3.0211,3,3,1.0,100.0,2024-12-25,28,0,11.0,6.245935639941001e-15,0,22,Declining,0,0.0,New Entry,8.33,221,Established,Short Retention,Weak Entry,Short-Term Hit,Medium,Monitor Exit Risk
snowman | sia,Snowman,Sia,2024-12-25,2024-12-27,27,27,42,3,94,94,94,album,13,False,2.765,3,3,1.0,100.0,2024-12-25,27,0,7.499999999999999,4.90463607728069e-15,0,15,Declining,0,0.0,New Entry,11.76,221,Established,Short Retention,Weak Entry,Short-Term Hit,Medium,Monitor Exit Risk
sofi - remix | samueliyo baby & kevin roldan,Sofi - Remix,Samueliyo Baby & KEVIN ROLDAN,2024-12-12,2024-12-14,22,22,40,3,67,69,69,single,1,False,2.8601,3,3,1.0,100.0,2024-12-12,22,0,8.999999999999995,1.0000000000000002,0,18,Declining,2,2.9850746268656714,New Entry,10.0,208,Established,Short Retention,Moderate Entry,Short-Term Hit,Medium,Monitor Exit Risk
solita y sueltaaa | rels b,Solita y SueltAAA,Rels B,2024-07-23,2024-07-25,50,49,49,3,64,70,70,album,9,False,2.5964833333333335,3,3,1.0,100.0,2024-07-25,49,2,-0.5000000000000058,3.0,1,-1,Stable,6,9.375,New Entry,66.67,66,Developing,Short Retention,Weak Entry,Short-Term Hit,Medium,Increase Playlist Exposure
soltera | shakira,Soltera,Shakira,2025-09-28,2025-11-27,38,5,33,61,65,87,86,single,1,False,3.577366666666667,61,61,1.0,100.0,2025-10-14,5,16,0.16092014806980448,0.19116869381279794,33,-5,Stable,21,32.30769230769231,Peak Phase,86.14,498,Established,Long Retention,Weak Entry,Star Content,Very High,Increase Playlist Exposure
sonrisa | eladio carrion,Sonrisa,Eladio Carrion,2025-01-21,2025-01-21,16,16,16,1,68,68,68,album,17,True,2.5396666666666667,1,1,1.0,100.0,2025-01-21,16,0,0.0,0.0,0,0,Stable,0,0.0,New Entry,100.0,248,Established,Short Retention,Moderate Entry,Short-Term Hit,Medium,Monitor Exit Risk
sorry 4 that much | feid,SORRY 4 THAT MUCH,Feid,2025-06-09,2025-07-17,43,9,48,38,63,88,88,single,1,True,3.4624333333333333,39,39,0.9743589743589743,97.43589743589743,2025-06-17,9,8,0.7092679724258673,0.5620965094649302,34,5,Stable,25,39.682539682539684,Peak Phase,57.0,387,Established,Long Retention,Weak Entry,Hidden Opportunity,High,Increase Playlist Exposure
spanish teteo | rvfv & rels b & omar montes,SPANISH TETEO,Rvfv & Rels B & Omar Montes,2024-09-10,2024-09-11,50,50,50,2,59,63,63,single,1,True,3.0196,2,2,1.0,100.0,2024-09-10,50,0,-2.359760608687704e-15,3.999999999999984,0,0,Stable,4,6.779661016949152,New Entry,100.0,115,Mature,Short Retention,Weak Entry,Low Priority,Low,Monitor Exit Risk
sport+ rmx | clarent & myke towers,Sport+ RMX,Clarent & Myke Towers,2025-08-15,2025-08-23,48,47,48,9,69,71,71,single,1,True,3.66355,9,9,1.0,100.0,2025-08-17,47,2,0.16666666666666805,0.2833333333333388,1,0,Stable,2,2.898550724637681,Mature Phase,85.71,454,Established,Moderate Retention,Weak Entry,Short-Term Hit,Medium,Increase Playlist Exposure
star | jc reyes,STAR,JC Reyes,2025-10-20,2025-11-27,50,7,21,37,49,73,73,single,6,False,2.6,39,39,0.9487179487179487,94.87179487179486,2025-11-15,7,26,-0.4381223328591746,0.4727358937885259,43,-29,Stable,24,48.97959183673469,Peak Phase,65.97,520,Established,Long Retention,Weak Entry,Hidden Opportunity,High,Increase Playlist Exposure
suano | ntg & amenazzy,Suano,NTG & Amenazzy,2025-05-16,2025-08-09,34,6,50,80,69,76,74,single,1,True,2.287733333333333,86,86,0.9302325581395349,93.02325581395348,2025-06-02,6,17,0.43607594936708866,0.0691397093295827,28,16,Stable,5,7.246376811594203,Peak Phase,64.78,363,Established,High Retention,Weak Entry,Star Content,Very High,Maintain Strong Playlist Support
supernova | saiko,Supernova,Saiko,2024-05-18,2025-05-03,1,1,45,207,84,85,63,single,1,False,3.1818166666666667,351,351,0.5897435897435898,58.97435897435898,2024-05-18,1,0,0.24064167505492962,-0.06626998300700297,0,44,Stable,-21,-25.0,Peak Phase,47.54,0,Fresh,High Retention,Strong Entry,Star Content,Very High,Maintain Strong Playlist Support
t'as peur | aya nakamura,T'as peur,Aya Nakamura,2024-05-18,2024-05-21,45,45,49,4,70,70,70,album,15,False,3.5880666666666667,4,4,1.0,100.0,2024-05-18,45,0,1.2000000000000033,2.830887248101995e-15,0,4,Declining,0,0.0,New Entry,45.45,0,Fresh,Short Retention,Weak Entry,Short-Term Hit,Medium,Monitor Exit Risk
tacos gucci | anuel aa,Tacos Gucci,Anuel AA,2025-02-18,2025-03-05,32,19,49,13,67,84,84,single,1,True,3.4526166666666667,16,16,0.8125,81.25,2025-02-22,19,4,1.412087912087912,1.1428571428571435,13,17,Declining,17,25.37313432835821,Decline Phase,33.68,276,Established,Long Retention,Weak Entry,Star Content,Very High,Increase Playlist Exposure
también | myke towers,TAMBIÉN,Myke Towers,2025-08-24,2025-11-27,41,5,45,88,0,80,80,album,20,True,2.3257666666666665,96,96,0.9166666666666666,91.66666666666666,2025-10-06,5,43,0.01860624845901872,0.14568877461167284,36,4,Stable,80,,Peak Phase,89.99,463,Established,High Retention,Weak Entry,Hidden Opportunity,High,Maintain Strong Playlist Support
tanta droga | eladio carrion,Tanta Droga,Eladio Carrion,2025-01-21,2025-01-21,27,27,27,1,68,68,68,album,17,True,4.147966666666667,1,1,1.0,100.0,2025-01-21,27,0,0.0,0.0,0,0,Stable,0,0.0,New Entry,100.0,248,Established,Short Retention,Weak Entry,Short-Term Hit,Medium,Monitor Exit Risk
taste | sabrina carpenter,Taste,Sabrina Carpenter,2025-08-29,2025-09-03,48,47,50,6,87,92,92,album,12,False,2.6213166666666665,6,6,1.0,100.0,2025-08-31,47,2,0.5142857142857136,0.9714285714285705,1,2,Stable,5,5.747126436781609,New Entry,66.04,468,Established,Moderate Retention,Weak Entry,Short-Term Hit,Medium,Increase Playlist Exposure
tattoo | loreen,Tattoo,Loreen,2024-05-18,2024-06-02,21,21,48,16,89,93,93,single,1,False,3.056233333333333,16,16,1.0,100.0,2024-05-18,21,0,1.563235294117647,0.21323529411764847,0,27,Declining,4,4.49438202247191,Decline Phase,39.01,0,Fresh,Long Retention,Moderate Entry,Star Content,Very High,Maintain Current Support
te fallé | quevedo,TE FALLÉ,Quevedo,2025-11-24,2025-11-27,17,17,28,4,61,67,67,album,18,False,3.6576666666666666,4,4,1.0,100.0,2025-11-24,17,0,3.3000000000000003,1.9000000000000046,0,11,Declining,6,9.836065573770492,New Entry,23.26,555,Established,Short Retention,Moderate Entry,Low Priority,Low,Monitor Exit Risk
te menti | ozuna & saiko & ovy on the drums,Te Menti,Ozuna & Saiko & Ovy On The Drums,2024-09-19,2024-09-29,44,38,50,11,67,77,77,single,1,False,3.1188166666666666,11,11,1.0,100.0,2024-09-20,38,1,1.2909090909090928,0.918181818181819,6,6,Declining,10,14.925373134328357,Decline Phase,43.65,124,Mature,Moderate Retention,Weak Entry,Short-Term Hit,Medium,Increase Playlist Exposure
telefono nuevo | bad bunny,TELEFONO NUEVO,Bad Bunny,2024-10-14,2024-10-28,9,9,50,15,0,89,89,album,22,True,5.9130666666666665,15,15,1.0,100.0,2024-10-14,9,0,3.267857142857143,2.6964285714285725,0,41,Declining,89,,Decline Phase,23.43,149,Mature,Moderate Retention,Strong Entry,Hidden Opportunity,High,Maintain Current Support
tengo un plan | key-key,Tengo Un Plan,Key-Key,2025-04-04,2025-06-11,39,11,47,69,68,81,74,single,1,False,3.1547,69,69,1.0,100.0,2025-04-14,11,10,0.41300694190719783,0.10263061746437782,28,8,Stable,6,8.823529411764707,Mature Phase,70.77,321,Established,Long Retention,Weak Entry,Star Content,Very High,Increase Playlist Exposure
thalía - remix | cyril kamer & rvfv & polimá westcoast,Thalía - Remix,Cyril Kamer & Rvfv & Polimá Westcoast,2025-07-18,2025-08-23,50,25,47,34,60,72,72,single,1,False,3.8476166666666667,37,37,0.918918918918919,91.8918918918919,2025-08-04,25,17,0.09106187929717371,0.30649350649350665,25,-3,Stable,12,20.0,Mature Phase,84.22,426,Established,Long Retention,Weak Entry,Hidden Opportunity,High,Increase Playlist Exposure
thalía | cyril kamer,Thalía,Cyril Kamer,2025-03-15,2025-06-04,45,9,44,81,63,77,73,single,1,False,3.0571333333333333,82,82,0.9878048780487805,98.78048780487805,2025-04-09,9,25,0.3484191508581751,0.06565040650406408,36,-1,Stable,10,15.873015873015872,Peak Phase,73.26,301,Established,Long Retention,Weak Entry,Hidden Opportunity,High,Increase Playlist Exposure
the code | nemo,The Code,Nemo,2025-05-14,2025-05-18,24,24,49,5,74,83,83,single,1,False,3.00235,5,5,1.0,100.0,2025-05-14,24,0,7.199999999999999,2.19999999999999,0,25,Declining,9,12.162162162162163,New Entry,12.2,361,Established,Moderate Retention,Moderate Entry,Short-Term Hit,Medium,Maintain Current Support
the emptiness machine | linkin park,The Emptiness Machine,Linkin Park,2025-09-11,2025-10-02,36,30,46,17,86,93,93,single,1,True,3.173783333333333,22,22,0.7727272727272727,77.27272727272727,2025-09-13,30,2,0.735294117647059,0.4044117647058842,6,10,Stable,7,8.13953488372093,Mature Phase,44.53,481,Established,Long Retention,Weak Entry,Star Content,Very High,Increase Playlist Exposure
thunder y lightning | bad bunny,THUNDER Y LIGHTNING,Bad Bunny,2024-10-14,2024-11-17,14,14,47,35,0,87,86,album,22,True,3.6188833333333332,35,35,1.0,100.0,2024-10-14,14,0,1.2182072829131652,0.5532212885154069,0,33,Declining,86,,Decline Phase,45.08,149,Mature,Long Retention,Moderate Entry,Hidden Opportunity,High,Maintain Current Support
timeless (with playboi carti) | the weeknd & playboi carti,Timeless (with Playboi Carti),The Weeknd & Playboi Carti,2025-09-29,2025-09-29,50,50,50,1,79,79,79,single,1,True,4.266666666666667,1,1,1.0,100.0,2025-09-29,50,0,0.0,0.0,0,0,Stable,0,0.0,New Entry,100.0,499,Established,Short Retention,Weak Entry,Short-Term Hit,Medium,Monitor Exit Risk
todo contigo | álvaro de luna,Todo Contigo,Álvaro De Luna,2024-05-18,2024-09-23,12,12,33,129,78,80,77,single,1,False,2.758783333333333,129,129,1.0,100.0,2024-05-18,12,0,0.013232334525939145,-0.0071109123434709,0,21,Stable,-1,-1.282051282051282,Mature Phase,98.69,0,Fresh,High Retention,Moderate Entry,Star Content,Very High,Maintain Strong Playlist Support
todo lit | eladio carrion,Todo Lit,Eladio Carrion,2025-01-21,2025-01-21,23,23,23,1,67,67,67,album,17,True,4.032516666666667,1,1,1.0,100.0,2025-01-21,23,0,0.0,0.0,0,0,Stable,0,0.0,New Entry,100.0,248,Established,Short Retention,Moderate Entry,Short-Term Hit,Medium,Monitor Exit Risk
toy en el mic | bizarrap & milo j,Toy en el Mic,Bizarrap & Milo j,2024-10-07,2024-10-13,39,24,35,7,67,81,81,single,5,True,2.2842166666666666,7,7,1.0,100.0,2024-10-10,24,3,-0.24999999999999944,2.107142857142855,15,-4,Stable,14,20.8955223880597,New Entry,80.0,142,Mature,Moderate Retention,Weak Entry,Short-Term Hit,Medium,Increase Playlist Exposure
tqg | karol g,TQG,KAROL G,2024-05-18,2025-08-08,9,9,48,120,96,96,83,album,17,True,3.2988833333333334,448,448,0.26785714285714285,26.785714285714285,2024-05-18,9,0,0.2846378220709771,-0.09583304396138628,0,39,Stable,-13,-13.541666666666666,Peak Phase,20.85,0,Fresh,High Retention,Strong Entry,Star Content,Very High,Maintain Strong Playlist Support
tqmqa | eladio carrion,TQMQA,Eladio Carrion,2024-12-17,2025-01-26,47,15,48,32,67,80,74,single,1,False,2.83185,41,41,0.7804878048780488,78.04878048780488,2025-01-21,15,35,0.036290322580645414,0.07166422287390029,32,1,Stable,7,10.44776119402985,Mature Phase,75.32,213,Established,Long Retention,Weak Entry,Star Content,Very High,Increase Playlist Exposure
tranquila baby | eladio carrion,Tranquila Baby,Eladio Carrion,2025-01-21,2025-01-21,32,32,32,1,67,67,67,album,17,True,2.1333333333333333,1,1,1.0,100.0,2025-01-21,32,0,0.0,0.0,0,0,Stable,0,0.0,New Entry,100.0,248,Established,Short Retention,Weak Entry,Short-Term Hit,Medium,Monitor Exit Risk
trato de estar bien | duki,Trato De Estar Bien,Duki,2025-11-03,2025-11-09,37,37,48,5,59,68,68,album,15,False,3.5568,7,7,0.7142857142857143,71.42857142857143,2025-11-03,37,0,2.2999999999999936,1.9999999999999942,0,11,Declining,9,15.254237288135593,New Entry,21.65,534,Established,Moderate Retention,Weak Entry,Low Priority,Low,Maintain Current Support
trending remix (with myke towers) | dei v,Trending Remix (with Myke Towers),Dei V,2025-03-03,2025-07-20,45,10,49,137,76,80,65,single,1,True,3.7525666666666666,140,140,0.9785714285714285,97.85714285714285,2025-03-10,10,7,0.19516213340302802,-0.14926633935071937,35,4,Stable,-11,-14.473684210526317,Peak Phase,81.88,289,Established,High Retention,Weak Entry,Star Content,Very High,Maintain Strong Playlist Support
tu ritmo | eladio carrion,Tu Ritmo,Eladio Carrion,2025-01-21,2025-01-21,21,21,21,1,68,68,68,album,17,True,2.6407666666666665,1,1,1.0,100.0,2025-01-21,21,0,0.0,0.0,0,0,Stable,0,0.0,New Entry,100.0,248,Established,Short Retention,Moderate Entry,Short-Term Hit,Medium,Monitor Exit Risk
tu silueta | diegote,Tu Silueta,Diegote,2025-07-14,2025-10-28,15,5,50,106,58,79,73,single,1,False,2.8413333333333335,107,107,0.9906542056074766,99.06542056074767,2025-07-31,5,17,0.34924049676297964,0.022324105096102855,10,35,Stable,15,25.862068965517242,Peak Phase,73.42,422,Established,High Retention,Moderate Entry,Hidden Opportunity,High,Maintain Strong Playlist Support
tu$$i (with dei v) | yovngchimi,TU$$I (with Dei V),YOVNGCHIMI,2025-03-01,2025-08-16,50,11,50,160,76,79,77,album,16,True,2.72,169,169,0.9467455621301775,94.67455621301775,2025-03-19,11,18,0.15865170514473217,-0.007668756592054608,39,0,Stable,1,1.3157894736842104,Mature Phase,81.71,287,Established,High Retention,Weak Entry,Star Content,Very High,Maintain Strong Playlist Support
tuya | rosalía,TUYA,ROSALÍA,2024-06-11,2024-07-18,6,6,45,38,72,87,87,single,1,True,2.57585,38,38,1.0,100.0,2024-06-11,6,0,1.1906116642958746,0.24368092789145457,0,39,Declining,15,20.833333333333336,Decline Phase,45.65,24,Fresh,Long Retention,Strong Entry,Star Content,Very High,Maintain Current Support
tú con él | rauw alejandro,Tú Con Él,Rauw Alejandro,2025-11-17,2025-11-23,12,12,33,7,69,79,79,album,18,False,4.81885,7,7,1.0,100.0,2025-11-17,12,0,3.535714285714286,1.5357142857142883,0,21,Declining,10,14.492753623188406,New Entry,22.05,548,Established,Moderate Retention,Moderate Entry,Short-Term Hit,Medium,Maintain Current Support
un deseo | mora,UN DESEO,Mora,2024-08-30,2024-08-31,20,20,42,2,0,69,69,album,15,True,3.64805,2,2,1.0,100.0,2024-08-30,20,0,21.99999999999999,68.99999999999999,0,22,Declining,69,,New Entry,4.35,104,Mature,Short Retention,Moderate Entry,Low Priority,Low,Monitor Exit Risk
un desperdicio | rels b,Un Desperdicio,Rels B,2025-04-28,2025-05-15,35,29,44,16,67,83,83,album,13,False,3.7297166666666666,18,18,0.8888888888888888,88.88888888888889,2025-05-08,29,10,0.8808823529411773,0.797058823529409,6,9,Declining,16,23.88059701492537,Decline Phase,47.26,345,Established,Long Retention,Weak Entry,Star Content,Very High,Increase Playlist Exposure
un preview | bad bunny,UN PREVIEW,Bad Bunny,2024-09-27,2024-11-02,1,1,49,37,0,92,87,single,1,False,2.7597,37,37,1.0,100.0,2024-09-27,1,0,1.4675201517306777,0.3541963015647227,0,48,Declining,87,,Decline Phase,40.53,132,Mature,Long Retention,Strong Entry,Hidden Opportunity,High,Maintain Current Support
un rodeoooo | rels b,Un Rodeoooo,Rels B,2024-07-23,2024-09-23,48,36,46,57,59,78,77,album,9,False,2.2680333333333333,63,63,0.9047619047619048,90.47619047619048,2024-08-10,36,18,-0.07810474462017153,0.19179414052372248,12,-2,Stable,18,30.508474576271187,Mature Phase,83.92,66,Developing,Long Retention,Weak Entry,Hidden Opportunity,High,Increase Playlist Exposure
un x100to | grupo frontera & bad bunny,un x100to,Grupo Frontera & Bad Bunny,2024-05-18,2024-06-14,34,31,50,27,99,100,100,single,1,False,3.2427166666666665,28,28,0.9642857142857143,96.42857142857143,2024-05-21,31,3,0.6697191697191701,0.007936507936509083,3,16,Stable,1,1.0101010101010102,Mature Phase,57.75,0,Fresh,Long Retention,Weak Entry,Star Content,Very High,Increase Playlist Exposure
una bachata | lola indigo,UNA BACHATA,Lola Indigo,2025-02-04,2025-04-27,8,8,46,77,60,77,73,album,7,False,2.6307666666666667,83,83,0.927710843373494,92.7710843373494,2025-02-04,8,0,0.5635154319364846,0.024580682475419596,0,38,Stable,13,21.666666666666668,Peak Phase,59.33,262,Established,High Retention,Strong Entry,Hidden Opportunity,High,Maintain Strong Playlist Support
una foto remix (feat. emilia) | mesita & nicki nicole & tiago pzk,Una Foto Remix (feat. Emilia),Mesita & Nicki Nicole & Tiago PZK,2025-01-11,2025-06-15,36,6,49,154,77,92,77,single,1,False,4.064966666666667,156,156,0.9871794871794872,98.71794871794873,2025-02-01,6,21,0.308082177152386,-0.034236099131734934,30,13,Stable,0,0.0,Peak Phase,75.47,238,Established,High Retention,Weak Entry,Star Content,Very High,Maintain Strong Playlist Support
una velita | bad bunny,Una Velita,Bad Bunny,2025-09-22,2025-09-27,7,7,46,6,72,78,78,single,1,True,3.9997666666666665,6,6,1.0,100.0,2025-09-22,7,0,5.885714285714283,1.2285714285714286,0,39,Declining,6,8.333333333333332,New Entry,14.52,492,Established,Moderate Retention,Strong Entry,Short-Term Hit,Medium,Maintain Current Support
underneath the tree | kelly clarkson,Underneath the Tree,Kelly Clarkson,2024-12-25,2024-12-27,22,22,40,3,86,86,86,album,14,False,3.8273333333333333,3,3,1.0,100.0,2024-12-25,22,0,8.999999999999993,-2.0848271664972285e-15,0,18,Declining,0,0.0,New Entry,10.0,221,Established,Short Retention,Moderate Entry,Short-Term Hit,Medium,Monitor Exit Risk
uwaie | kapo,UWAIE,Kapo,2025-08-20,2025-11-27,27,2,42,100,69,89,86,single,1,False,2.8737833333333334,100,100,1.0,100.0,2025-08-29,2,9,0.19301530153015292,0.05486948694869452,25,15,Stable,17,24.637681159420293,Peak Phase,83.82,459,Established,High Retention,Weak Entry,Star Content,Very High,Maintain Strong Playlist Support
vacile | yan block,Vacile,Yan Block,2025-08-15,2025-11-27,36,16,47,105,73,79,78,single,1,True,2.3373166666666667,105,105,1.0,100.0,2025-10-17,16,63,-0.012979473356832001,0.02381297947335664,20,11,Stable,5,6.8493150684931505,Mature Phase,98.72,454,Established,High Retention,Weak Entry,Star Content,Very High,Maintain Strong Playlist Support
vagabundo | sebastian yatra,VAGABUNDO,Sebastian Yatra,2024-09-24,2024-09-26,14,14,20,3,3,44,44,album,12,False,3.5933333333333333,3,3,1.0,100.0,2024-09-24,14,0,2.9999999999999982,20.5,0,6,Declining,41,1366.6666666666665,New Entry,25.0,129,Mature,Short Retention,Moderate Entry,Low Priority,Low,Monitor Exit Risk
vagabundo | sebastian yatra & manuel turizo & beéle,VAGABUNDO,Sebastian Yatra & Manuel Turizo & Beéle,2024-05-18,2025-10-16,39,3,47,385,76,91,78,single,1,False,3.5933333333333333,517,517,0.7446808510638298,74.46808510638297,2024-06-04,3,17,0.12964660016149654,-0.027986424197563996,36,8,Stable,2,2.631578947368421,Peak Phase,65.92,0,Fresh,High Retention,Weak Entry,Star Content,Very High,Maintain Strong Playlist Support
vampire | olivia rodrigo,vampire,Olivia Rodrigo,2024-07-02,2024-07-02,48,48,48,1,85,85,85,single,1,True,3.6620666666666666,1,1,1.0,100.0,2024-07-02,48,0,0.0,0.0,0,0,Stable,0,0.0,New Entry,100.0,45,Developing,Short Retention,Weak Entry,Short-Term Hit,Medium,Monitor Exit Risk
vente conmigo | feid,VENTE CONMIGO,Feid,2024-08-06,2024-08-12,22,22,50,7,71,80,80,single,1,False,3.1,7,7,1.0,100.0,2024-08-06,22,0,5.535714285714286,1.3928571428571472,0,28,Declining,9,12.676056338028168,New Entry,15.3,80,Developing,Moderate Retention,Moderate Entry,Short-Term Hit,Medium,Maintain Current Support
vida de rock | duki,Vida De Rock,Duki,2025-11-03,2025-11-10,36,34,48,8,62,73,73,album,15,True,3.02505,8,8,1.0,100.0,2025-11-07,34,4,0.3214285714285698,1.4285714285714284,2,12,Stable,11,17.741935483870968,Mature Phase,75.68,534,Established,Moderate Retention,Weak Entry,Low Priority,Low,Increase Playlist Exposure
vista al mar | quevedo,VISTA AL MAR,Quevedo,2024-05-21,2024-07-29,50,43,50,33,83,83,83,album,16,False,3.0112,70,70,0.4714285714285714,47.14285714285714,2024-05-30,43,9,0.10494652406417032,0.018048128342245433,7,0,Stable,0,0.0,Mature Phase,42.67,3,Fresh,Long Retention,Weak Entry,Star Content,Very High,Increase Playlist Exposure
volver | tainy,VOLVER,Tainy,2024-07-02,2024-07-02,49,49,49,1,69,69,69,album,19,True,3.0967666666666664,1,1,1.0,100.0,2024-07-02,49,0,0.0,0.0,0,0,Stable,0,0.0,New Entry,100.0,45,Developing,Short Retention,Weak Entry,Short-Term Hit,Medium,Monitor Exit Risk
vou 787 | bad bunny,VOU 787,Bad Bunny,2024-10-14,2024-10-18,13,13,37,5,0,85,85,album,22,True,2.0607166666666665,5,5,1.0,100.0,2024-10-14,13,0,7.2,17.000000000000004,0,24,Declining,85,,New Entry,12.2,149,Mature,Moderate Retention,Moderate Entry,Low Priority,Low,Maintain Current Support
vuelve candy b | bad bunny,VUELVE CANDY B,Bad Bunny,2024-10-14,2024-10-18,19,19,41,5,0,83,83,album,22,True,4.436183333333333,5,5,1.0,100.0,2024-10-14,19,0,6.599999999999999,16.599999999999994,0,22,Declining,83,,New Entry,13.16,149,Mature,Moderate Retention,Moderate Entry,Low Priority,Low,Maintain Current Support
"vvs switch (feat. hades66, luar la l & cdobleta) - remix | pressure 9x19 & anuel aa & yovngchimi","VVS Switch (feat. Hades66, Luar La L & CDobleta) - Remix",Pressure 9X19 & Anuel AA & YOVNGCHIMI,2025-03-17,2025-03-30,13,13,50,13,67,79,79,single,1,True,9.251183333333334,14,14,0.9285714285714286,92.85714285714286,2025-03-17,13,0,2.609890109890111,0.8681318681318703,0,37,Declining,12,17.91044776119403,Decline Phase,25.72,303,Established,Moderate Retention,Moderate Entry,Short-Term Hit,Medium,Maintain Current Support
wanda | quevedo,WANDA,Quevedo,2024-05-18,2024-12-07,18,18,49,145,87,88,82,album,16,False,2.6818166666666667,204,204,0.7107843137254902,71.07843137254902,2024-05-18,18,0,0.13337663360100768,-0.03988741930404648,0,31,Stable,-5,-5.747126436781609,Mature Phase,62.71,0,Fresh,High Retention,Moderate Entry,Star Content,Very High,Maintain Strong Playlist Support
we can't be friends (wait for your love) | ariana grande,we can't be friends (wait for your love),Ariana Grande,2025-03-11,2025-03-20,46,31,47,8,81,92,92,album,13,False,3.81065,10,10,0.8,80.0,2025-03-13,31,2,0.8095238095238086,1.488095238095232,15,1,Declining,11,13.580246913580247,Decline Phase,44.21,297,Established,Moderate Retention,Weak Entry,Short-Term Hit,Medium,Increase Playlist Exposure
where she goes | bad bunny,WHERE SHE GOES,Bad Bunny,2024-05-21,2024-10-28,1,1,49,154,82,100,85,single,1,True,3.8617333333333335,161,161,0.9565217391304348,95.65217391304348,2024-05-21,1,0,0.29059529970345915,-0.0746379490212507,0,48,Stable,3,3.6585365853658534,Peak Phase,74.11,3,Fresh,High Retention,Strong Entry,Star Content,Very High,Maintain Strong Playlist Support
whisky | samuel g & oscar el ruso & aissa,Whisky,Samuel G & Oscar el Ruso & Aissa,2025-07-17,2025-07-31,41,30,50,15,65,71,71,single,1,False,5.08775,15,15,1.0,100.0,2025-07-21,30,4,0.6249999999999999,0.39285714285714635,11,9,Stable,6,9.230769230769232,Mature Phase,61.54,425,Established,Moderate Retention,Weak Entry,Star Content,Very High,Increase Playlist Exposure
wya remix red | j abdiel & de la rose & yan block,WYA REMIX RED,J Abdiel & De La Rose & Yan Block,2025-06-19,2025-11-16,43,22,46,140,73,84,81,single,1,True,5.36235,151,151,0.9271523178807947,92.71523178807946,2025-07-12,22,23,0.10233320942030555,0.01983337342284208,21,3,Stable,8,10.95890410958904,Mature Phase,84.11,397,Established,High Retention,Weak Entry,Star Content,Very High,Maintain Strong Playlist Support
x'clusivo - remix | gonzy,X'CLUSIVO - REMIX,Gonzy,2025-10-13,2025-11-23,21,21,40,42,29,64,64,album,18,True,3.4688833333333333,42,42,1.0,100.0,2025-10-13,21,0,0.2974637387569894,0.5375577343813311,0,19,Stable,35,120.6896551724138,Mature Phase,77.07,513,Established,Long Retention,Moderate Entry,Hidden Opportunity,High,Maintain Current Support
x'clusivo - remix | gonzy & saiko & arcángel,X'CLUSIVO - REMIX,Gonzy & SAIKO & Arcángel,2025-03-03,2025-10-12,1,1,22,220,66,84,74,single,1,True,3.4688833333333333,224,224,0.9821428571428571,98.21428571428571,2025-03-03,1,0,0.13756275956114802,-0.031711398995847295,0,21,Stable,8,12.121212121212121,Peak Phase,86.34,289,Established,High Retention,Strong Entry,Star Content,Very High,Maintain Strong Playlist Support
x'clusivo | gonzy,X'CLUSIVO,Gonzy,2025-01-31,2025-03-09,41,3,49,38,72,81,79,single,1,True,2.926433333333333,38,38,1.0,100.0,2025-03-02,3,30,0.16960280118174872,0.2037422037422045,38,8,Stable,7,9.722222222222223,Peak Phase,85.5,258,Established,Long Retention,Weak Entry,Star Content,Very High,Increase Playlist Exposure
xxx_rosario_xxx | saiko,Xxx_Rosario_xxX,Saiko,2024-12-24,2025-01-05,23,23,42,13,58,71,71,album,7,True,3.1489333333333334,13,13,1.0,100.0,2024-12-24,23,0,0.3681318681318686,1.0384615384615405,0,19,Stable,13,22.413793103448278,Mature Phase,73.09,220,Established,Moderate Retention,Moderate Entry,Low Priority,Low,Maintain Current Support
ya es navidad popurrí: ya es navidad- zúmbale a la pandereta - ya vienen los reyes magos - arre borriquito - ya es navidad | raya real,Ya es Navidad Popurrí: Ya es Navidad- Zúmbale a la pandereta - Ya vienen los Reyes Magos - Arre Borriquito - Ya es Navidad,Raya Real,2024-12-25,2024-12-25,34,34,34,1,50,50,50,album,9,False,4.369066666666667,1,1,1.0,100.0,2024-12-25,34,0,0.0,0.0,0,0,Stable,0,0.0,New Entry,100.0,221,Established,Short Retention,Weak Entry,Low Priority,Low,Monitor Exit Risk
yandel 150 | yandel,Yandel 150,Yandel,2024-05-18,2024-09-23,10,10,40,125,90,90,84,album,17,True,3.6024666666666665,129,129,0.9689922480620154,96.89922480620154,2024-05-18,10,0,0.25349308755760375,-0.04547465437788056,0,30,Stable,-6,-6.666666666666667,Peak Phase,77.3,0,Fresh,High Retention,Strong Entry,Star Content,Very High,Maintain Strong Playlist Support
yankee 150 | yandel & feid & daddy yankee,Yankee 150,Yandel & Feid & Daddy Yankee,2024-06-18,2024-06-18,46,46,46,1,68,68,68,single,1,True,4.04445,1,1,1.0,100.0,2024-06-18,46,0,0.0,0.0,0,0,Stable,0,0.0,New Entry,100.0,31,Developing,Short Retention,Weak Entry,Short-Term Hit,Medium,Monitor Exit Risk
"yes, and? | ariana grande","yes, and?",Ariana Grande,2025-01-14,2025-01-20,37,30,40,7,85,94,94,single,1,True,3.5832333333333333,7,7,1.0,100.0,2025-01-18,30,4,0.07142857142856983,1.4285714285714273,7,3,Stable,9,10.588235294117647,New Entry,93.33,241,Established,Moderate Retention,Weak Entry,Short-Term Hit,Medium,Increase Playlist Exposure
yo lo soñé | saiko,YO LO SOÑÉ,SAIKO,2025-04-28,2025-08-16,3,1,46,109,56,73,67,album,16,False,2.9242666666666666,111,111,0.9819819819819819,98.1981981981982,2025-04-30,1,2,0.46605504587155955,-0.027939949958298446,2,43,Stable,11,19.642857142857142,Peak Phase,66.98,345,Established,High Retention,Strong Entry,Hidden Opportunity,High,Maintain Strong Playlist Support
yo lo soñé | saiko & omar montes,YO LO SOÑÉ,SAIKO & Omar Montes,2025-04-19,2025-04-27,8,2,2,9,60,75,75,single,1,False,2.9242666666666666,9,9,1.0,100.0,2025-04-25,2,6,-0.9166666666666661,1.6666666666666674,6,-6,Improving,15,25.0,Growth Phase,52.17,336,Established,Moderate Retention,Strong Entry,Low Priority,Low,Increase Playlist Exposure
yo sé | yan block & torrres,Yo sé,Yan Block & TORRRES,2025-11-01,2025-11-27,49,8,20,26,69,76,76,single,1,True,2.16175,27,27,0.9629629629629629,96.29629629629629,2025-11-22,8,21,-1.1705982905982901,0.29162393162393135,41,-29,Improving,7,10.144927536231885,Growth Phase,44.36,532,Established,Long Retention,Weak Entry,Star Content,Very High,Increase Playlist Exposure
yo tengo un novio | lola indigo,YO TENGO UN NOVIO,Lola Indigo,2024-12-17,2024-12-24,42,18,50,8,55,63,63,album,7,False,2.4070666666666667,8,8,1.0,100.0,2024-12-21,18,4,-1.8452380952380956,1.083333333333332,24,8,Improving,8,14.545454545454545,Growth Phase,35.15,213,Established,Moderate Retention,Weak Entry,Low Priority,Low,Increase Playlist Exposure
yotuloko | omar montes & rels b,YOTULOKO,Omar Montes & Rels B,2025-07-14,2025-11-05,36,22,46,114,57,76,72,single,1,False,3.56165,115,115,0.991304347826087,99.1304347826087,2025-07-27,22,13,0.16763937546829744,0.023401713209533995,14,10,Stable,15,26.31578947368421,Mature Phase,84.9,422,Established,High Retention,Weak Entry,Hidden Opportunity,High,Maintain Strong Playlist Support
"young miko: bzrp music sessions, vol. 58 | bizarrap & young miko","Young Miko: Bzrp Music Sessions, Vol. 58",Bizarrap & Young Miko,2025-01-13,2025-04-26,1,1,50,101,76,95,86,single,1,False,3.1195333333333335,104,104,0.9711538461538461,97.11538461538461,2025-01-13,1,0,0.5238672102504369,-0.0450203843913806,0,49,Stable,10,13.157894736842104,Peak Phase,63.73,240,Established,High Retention,Strong Entry,Star Content,Very High,Maintain Strong Playlist Support
zorra | nebulossa,ZORRA,Nebulossa,2025-02-05,2025-05-18,8,8,50,21,67,75,74,single,1,True,3.059616666666667,103,103,0.20388349514563106,20.388349514563107,2025-02-05,8,0,2.025974025974026,0.19740259740259816,0,42,Declining,7,10.44776119402985,Decline Phase,6.74,263,Established,High Retention,Strong Entry,Star Content,Very High,Maintain Strong Playlist Support
